aa_pos	aa_ref	aa_alt	protein_variant	consequence	function.score.mean	func.class
1	M	L	p.M1L	Missense	-2.516529373	LOF
1	M	V	p.M1V	Missense	-2.025644729	LOF
1	M	L	p.M1L	Missense	-1.965628604	LOF
1	M	K	p.M1K	Missense	-1.636700457	LOF
1	M	T	p.M1T	Missense	-1.656569077	LOF
1	M	R	p.M1R	Missense	-2.481579555	LOF
1	M	I	p.M1I	Missense	-2.502128233	LOF
1	M	I	p.M1I	Missense	-2.226107427	LOF
1	M	I	p.M1I	Missense	-1.89730149	LOF
2	D	N	p.D2N	Missense	-0.682954463	FUNC
2	D	H	p.D2H	Missense	-1.473830806	LOF
2	D	Y	p.D2Y	Missense	-0.256094696	FUNC
2	D	A	p.D2A	Missense	-0.180781768	FUNC
2	D	G	p.D2G	Missense	-1.017827978	INT
2	D	V	p.D2V	Missense	-1.159498021	INT
2	D	E	p.D2E	Missense	-0.002126558	FUNC
2	D	E	p.D2E	Missense	0.088695985	FUNC
3	L	I	p.L3I	Missense	0.021900501	FUNC
3	L	V	p.L3V	Missense	-0.050045929	FUNC
3	L	S	p.L3S	Missense	-0.066456403	FUNC
3	L	F	p.L3F	Missense	-0.341922832	FUNC
3	L	F	p.L3F	Missense	-0.60535637	FUNC
4	S	T	p.S4T	Missense	0.037639503	FUNC
4	S	P	p.S4P	Missense	-0.330095865	FUNC
4	S	A	p.S4A	Missense	0.073691291	FUNC
4	S	Y	p.S4Y	Missense	-0.255390244	FUNC
4	S	C	p.S4C	Missense	-0.245299044	FUNC
4	S	F	p.S4F	Missense	-0.49523871	FUNC
5	A	T	p.A5T	Missense	-0.087838197	FUNC
5	A	P	p.A5P	Missense	-0.892859053	INT
5	A	S	p.A5S	Missense	-0.261440554	FUNC
5	A	D	p.A5D	Missense	0.132687421	FUNC
5	A	G	p.A5G	Missense	-0.591609275	FUNC
5	A	V	p.A5V	Missense	0.3140798	FUNC
6	L	I	p.L6I	Missense	-0.114585699	FUNC
6	L	V	p.L6V	Missense	0.163586304	FUNC
6	L	F	p.L6F	Missense	-0.180958273	FUNC
6	L	H	p.L6H	Missense	-0.038196846	FUNC
6	L	P	p.L6P	Missense	0.32695251	FUNC
6	L	R	p.L6R	Missense	-0.195369135	FUNC
7	R	S	p.R7S	Missense	-0.921591674	INT
7	R	G	p.R7G	Missense	-0.311500807	FUNC
7	R	C	p.R7C	Missense	-0.1488671	FUNC
7	R	H	p.R7H	Missense	-0.539420688	FUNC
7	R	P	p.R7P	Missense	-0.192425586	FUNC
7	R	L	p.R7L	Missense	-0.016458552	FUNC
8	V	I	p.V8I	Missense	-0.560918663	FUNC
8	V	L	p.V8L	Missense	-0.448267493	FUNC
8	V	F	p.V8F	Missense	-0.569226807	FUNC
8	V	D	p.V8D	Missense	-1.121675899	INT
8	V	A	p.V8A	Missense	0.223406497	FUNC
8	V	G	p.V8G	Missense	-0.31228933	FUNC
9	E	K	p.E9K	Missense	-0.649333464	FUNC
9	E	Q	p.E9Q	Missense	-0.292376185	FUNC
9	E	A	p.E9A	Missense	0.236742529	FUNC
9	E	G	p.E9G	Missense	-0.145407855	FUNC
9	E	V	p.E9V	Missense	-0.252637874	FUNC
9	E	D	p.E9D	Missense	-0.129703625	FUNC
9	E	D	p.E9D	Missense	-0.401406462	FUNC
10	E	K	p.E10K	Missense	-0.769615879	INT
10	E	Q	p.E10Q	Missense	-0.40328654	FUNC
10	E	A	p.E10A	Missense	-0.031900678	FUNC
10	E	G	p.E10G	Missense	-0.183632895	FUNC
10	E	V	p.E10V	Missense	-0.851903169	INT
10	E	D	p.E10D	Missense	-0.11632729	FUNC
10	E	D	p.E10D	Missense	0.010448555	FUNC
11	V	I	p.V11I	Missense	-0.313424946	FUNC
11	V	L	p.V11L	Missense	-1.141955067	INT
11	V	L	p.V11L	Missense	-1.168016659	INT
11	V	E	p.V11E	Missense	-2.204882746	LOF
11	V	A	p.V11A	Missense	-0.126650277	FUNC
11	V	G	p.V11G	Missense	-2.47449709	LOF
12	Q	K	p.Q12K	Missense	0.078566622	FUNC
12	Q	E	p.Q12E	Missense	-0.387357109	FUNC
12	Q	P	p.Q12P	Missense	-2.184754753	LOF
12	Q	R	p.Q12R	Missense	0.313648739	FUNC
12	Q	L	p.Q12L	Missense	0.119074367	FUNC
12	Q	H	p.Q12H	Missense	0.031162794	FUNC
12	Q	H	p.Q12H	Missense	-0.175873387	FUNC
13	N	H	p.N13H	Missense	0.155809001	FUNC
13	N	D	p.N13D	Missense	0.316276816	FUNC
13	N	Y	p.N13Y	Missense	-0.50402904	FUNC
13	N	T	p.N13T	Missense	0.171094586	FUNC
13	N	S	p.N13S	Missense	-0.072016385	FUNC
13	N	I	p.N13I	Missense	-0.578107177	FUNC
13	N	K	p.N13K	Missense	-0.04187113	FUNC
13	N	K	p.N13K	Missense	-0.299074923	FUNC
14	V	I	p.V14I	Missense	-0.006564323	FUNC
14	V	L	p.V14L	Missense	-0.548239955	FUNC
14	V	F	p.V14F	Missense	-1.431762196	LOF
14	V	D	p.V14D	Missense	-1.233904887	INT
14	V	A	p.V14A	Missense	0.062406303	FUNC
14	V	G	p.V14G	Missense	-1.861215052	LOF
15	I	L	p.I15L	Missense	0.082683159	FUNC
15	I	V	p.I15V	Missense	-0.580415865	FUNC
15	I	F	p.I15F	Missense	-1.320409483	INT
15	I	N	p.I15N	Missense	-2.633053429	LOF
15	I	T	p.I15T	Missense	-2.096972571	LOF
15	I	S	p.I15S	Missense	-1.834711354	LOF
15	I	M	p.I15M	Missense	-0.638691853	FUNC
16	N	H	p.N16H	Missense	-0.140590293	FUNC
16	N	D	p.N16D	Missense	-0.172551303	FUNC
16	N	Y	p.N16Y	Missense	-0.353923267	FUNC
16	N	T	p.N16T	Missense	0.14842158	FUNC
16	N	S	p.N16S	Missense	-0.333605413	FUNC
16	N	I	p.N16I	Missense	0.510672527	FUNC
16	N	K	p.N16K	Missense	-0.291203179	FUNC
16	N	K	p.N16K	Missense	0.061939542	FUNC
17	A	T	p.A17T	Missense	-0.329703976	FUNC
17	A	P	p.A17P	Missense	-2.879821738	LOF
17	A	S	p.A17S	Missense	0.24499554	FUNC
17	A	D	p.A17D	Missense	0.090807067	FUNC
17	A	G	p.A17G	Missense	-0.180847973	FUNC
17	A	V	p.A17V	Missense	-0.677930245	FUNC
18	M	L	p.M18L	Missense	-0.061785814	FUNC
18	M	V	p.M18V	Missense	-0.947284908	INT
18	M	L	p.M18L	Missense	-0.056789045	FUNC
18	M	K	p.M18K	Missense	-2.390480695	LOF
18	M	T	p.M18T	Missense	-1.887430163	LOF
18	M	R	p.M18R	Missense	-2.445988084	LOF
18	M	I	p.M18I	Missense	-0.288552682	FUNC
18	M	I	p.M18I	Missense	-0.160921305	FUNC
18	M	I	p.M18I	Missense	-0.193845987	FUNC
19	Q	K	p.Q19K	Missense	-0.308824721	FUNC
19	Q	E	p.Q19E	Missense	-0.170930864	FUNC
19	Q	P	p.Q19P	Missense	-2.169057841	LOF
19	Q	R	p.Q19R	Missense	0.050298898	FUNC
19	Q	L	p.Q19L	Missense	-0.017068918	FUNC
19	Q	H	p.Q19H	Missense	-0.194105101	FUNC
19	Q	H	p.Q19H	Missense	-0.509053283	FUNC
20	K	Q	p.K20Q	Missense	-0.780493804	INT
20	K	E	p.K20E	Missense	-0.419304747	FUNC
20	K	T	p.K20T	Missense	-0.222575795	FUNC
20	K	R	p.K20R	Missense	-0.076775943	FUNC
20	K	I	p.K20I	Missense	-0.207838345	FUNC
20	K	N	p.K20N	Missense	-0.360313136	FUNC
20	K	N	p.K20N	Missense	-0.340886803	FUNC
21	I	L	p.I21L	Missense	0.244697521	FUNC
21	I	V	p.I21V	Missense	-0.147346078	FUNC
21	I	F	p.I21F	Missense	-0.432698516	FUNC
21	I	N	p.I21N	Missense	-0.21546298	FUNC
21	I	T	p.I21T	Missense	0.072621292	FUNC
21	I	S	p.I21S	Missense	0.202374414	FUNC
21	I	M	p.I21M	Missense	-0.527949051	FUNC
22	L	I	p.L22I	Missense	-0.625778259	FUNC
22	L	V	p.L22V	Missense	-0.263422079	FUNC
22	L	S	p.L22S	Missense	-2.106675789	LOF
22	L	F	p.L22F	Missense	-0.333150911	FUNC
22	L	F	p.L22F	Missense	-0.701980436	FUNC
23	E	K	p.E23K	Missense	-0.342968971	FUNC
23	E	Q	p.E23Q	Missense	0.25264145	FUNC
23	E	A	p.E23A	Missense	-0.608742916	FUNC
23	E	G	p.E23G	Missense	-0.84338501	INT
23	E	V	p.E23V	Missense	0.135861257	FUNC
23	E	D	p.E23D	Missense	-1.066701102	INT
23	E	D	p.E23D	Missense	-0.873206893	INT
24	C	S	p.C24S	Missense	-1.49833582	LOF
24	C	R	p.C24R	Missense	-2.785239979	LOF
24	C	G	p.C24G	Missense	-2.315087279	LOF
24	C	Y	p.C24Y	Missense	-2.14268376	LOF
24	C	S	p.C24S	Missense	-1.880327056	LOF
24	C	F	p.C24F	Missense	-1.278273799	INT
24	C	W	p.C24W	Missense	-2.735910855	LOF
25	P	T	p.P25T	Missense	-0.194290415	FUNC
25	P	A	p.P25A	Missense	0.437601909	FUNC
25	P	S	p.P25S	Missense	0.052850834	FUNC
25	P	R	p.P25R	Missense	-0.202953505	FUNC
25	P	L	p.P25L	Missense	-1.660835719	LOF
26	I	L	p.I26L	Missense	-0.834112338	INT
26	I	V	p.I26V	Missense	-0.010268963	FUNC
26	I	N	p.I26N	Missense	-1.987543455	LOF
26	I	T	p.I26T	Missense	-1.907673843	LOF
26	I	S	p.I26S	Missense	-1.096629497	INT
26	I	M	p.I26M	Missense	0.075930661	FUNC
27	C	S	p.C27S	Missense	-1.980320065	LOF
27	C	R	p.C27R	Missense	-1.959356754	LOF
27	C	G	p.C27G	Missense	-2.374209472	LOF
27	C	Y	p.C27Y	Missense	-1.888262433	LOF
27	C	S	p.C27S	Missense	-1.604749602	LOF
27	C	F	p.C27F	Missense	-2.580124399	LOF
27	C	W	p.C27W	Missense	-1.922890359	LOF
28	L	M	p.L28M	Missense	-0.559160153	FUNC
28	L	V	p.L28V	Missense	-0.728959634	FUNC
28	L	Q	p.L28Q	Missense	-0.333171449	FUNC
28	L	P	p.L28P	Missense	-1.643605819	LOF
28	L	R	p.L28R	Missense	-0.066280914	FUNC
29	E	K	p.E29K	Missense	-0.645511679	FUNC
29	E	Q	p.E29Q	Missense	0.132155295	FUNC
29	E	A	p.E29A	Missense	-0.053629647	FUNC
29	E	G	p.E29G	Missense	-0.286648662	FUNC
29	E	V	p.E29V	Missense	-0.260086526	FUNC
29	E	D	p.E29D	Missense	-0.235879028	FUNC
29	E	D	p.E29D	Missense	-0.391405356	FUNC
30	L	M	p.L30M	Missense	0.284766431	FUNC
30	L	V	p.L30V	Missense	-0.047369437	FUNC
30	L	S	p.L30S	Missense	0.060109119	FUNC
30	L	W	p.L30W	Missense	-0.295743493	FUNC
30	L	F	p.L30F	Missense	-0.095957528	FUNC
30	L	F	p.L30F	Missense	-0.856959634	INT
31	I	L	p.I31L	Missense	-0.061783127	FUNC
31	I	V	p.I31V	Missense	0.17125318	FUNC
31	I	F	p.I31F	Missense	0.266900903	FUNC
31	I	N	p.I31N	Missense	-0.828223479	INT
31	I	T	p.I31T	Missense	-0.133781446	FUNC
31	I	S	p.I31S	Missense	-0.031236589	FUNC
31	I	M	p.I31M	Missense	-0.631893112	FUNC
32	K	Q	p.K32Q	Missense	0.09843393	FUNC
32	K	E	p.K32E	Missense	-0.08777441	FUNC
32	K	T	p.K32T	Missense	0.118786034	FUNC
32	K	R	p.K32R	Missense	0.24921883	FUNC
32	K	M	p.K32M	Missense	-0.307423532	FUNC
32	K	N	p.K32N	Missense	-0.091513546	FUNC
32	K	N	p.K32N	Missense	-0.368416089	FUNC
33	E	K	p.E33K	Missense	-0.412088921	FUNC
33	E	Q	p.E33Q	Missense	-0.265285716	FUNC
33	E	A	p.E33A	Missense	-0.362577559	FUNC
33	E	G	p.E33G	Missense	-0.944338479	INT
33	E	V	p.E33V	Missense	-0.019770258	FUNC
33	E	D	p.E33D	Missense	-0.258046591	FUNC
33	E	D	p.E33D	Missense	0.235621951	FUNC
34	P	T	p.P34T	Missense	-1.184000476	INT
34	P	A	p.P34A	Missense	-0.14448556	FUNC
34	P	S	p.P34S	Missense	-1.6239024	LOF
34	P	H	p.P34H	Missense	-2.839964354	LOF
34	P	R	p.P34R	Missense	-2.043268182	LOF
34	P	L	p.P34L	Missense	-1.867931438	LOF
35	V	I	p.V35I	Missense	-0.337374626	FUNC
35	V	L	p.V35L	Missense	-0.784489926	INT
35	V	F	p.V35F	Missense	-1.23552836	INT
35	V	D	p.V35D	Missense	-2.398558825	LOF
35	V	A	p.V35A	Missense	-1.441762887	LOF
35	V	G	p.V35G	Missense	-2.111132312	LOF
36	S	T	p.S36T	Missense	-0.094837458	FUNC
36	S	A	p.S36A	Missense	0.067965073	FUNC
37	T	P	p.T37P	Missense	-0.368808462	FUNC
37	T	A	p.T37A	Missense	0.114420378	FUNC
37	T	S	p.T37S	Missense	-0.080738999	FUNC
37	T	K	p.T37K	Missense	-2.49352324	LOF
37	T	R	p.T37R	Missense	-2.485527396	LOF
37	T	I	p.T37I	Missense	-0.84183045	INT
38	K	Q	p.K38Q	Missense	0.044227473	FUNC
38	K	E	p.K38E	Missense	-0.059168364	FUNC
38	K	T	p.K38T	Missense	0.038121997	FUNC
38	K	R	p.K38R	Missense	-0.187628557	FUNC
38	K	M	p.K38M	Missense	-0.271030936	FUNC
38	K	N	p.K38N	Missense	-0.122152503	FUNC
38	K	N	p.K38N	Missense	-0.037675607	FUNC
39	C	S	p.C39S	Missense	-1.958756155	LOF
39	C	R	p.C39R	Missense	-2.403609049	LOF
39	C	G	p.C39G	Missense	-2.224219502	LOF
39	C	Y	p.C39Y	Missense	-2.658239614	LOF
39	C	S	p.C39S	Missense	-2.234923116	LOF
39	C	F	p.C39F	Missense	-2.320923141	LOF
39	C	W	p.C39W	Missense	-2.534430214	LOF
40	D	N	p.D40N	Missense	-0.080203363	FUNC
40	D	H	p.D40H	Missense	-0.28111257	FUNC
40	D	Y	p.D40Y	Missense	-0.376938578	FUNC
40	D	A	p.D40A	Missense	-0.119215796	FUNC
40	D	G	p.D40G	Missense	0.197450868	FUNC
40	D	V	p.D40V	Missense	-0.501412522	FUNC
40	D	E	p.D40E	Missense	0.000949463	FUNC
40	D	E	p.D40E	Missense	-0.137867777	FUNC
41	H	N	p.H41N	Missense	-2.290756756	LOF
41	H	D	p.H41D	Missense	-2.141742735	LOF
41	H	Y	p.H41Y	Missense	-2.022331753	LOF
41	H	P	p.H41P	Missense	-2.559817026	LOF
41	H	R	p.H41R	Missense	-2.077957073	LOF
41	H	L	p.H41L	Missense	-1.775323475	LOF
41	H	Q	p.H41Q	Missense	-2.325378552	LOF
41	H	Q	p.H41Q	Missense	-2.226966151	LOF
42	I	L	p.I42L	Missense	0.071726189	FUNC
42	I	V	p.I42V	Missense	0.109884311	FUNC
42	I	L	p.I42L	Missense	0.071971839	FUNC
42	I	K	p.I42K	Missense	-0.63648837	FUNC
42	I	T	p.I42T	Missense	-0.075750561	FUNC
42	I	R	p.I42R	Missense	-0.550860609	FUNC
42	I	M	p.I42M	Missense	0.146633898	FUNC
43	F	I	p.F43I	Missense	-1.165814315	INT
43	F	L	p.F43L	Missense	-1.083882386	INT
43	F	V	p.F43V	Missense	-1.038470474	INT
43	F	Y	p.F43Y	Missense	-0.221090144	FUNC
43	F	S	p.F43S	Missense	-1.240995022	INT
43	F	C	p.F43C	Missense	-0.768825627	INT
43	F	L	p.F43L	Missense	-1.674212236	LOF
43	F	L	p.F43L	Missense	-1.18188652	INT
44	C	S	p.C44S	Missense	-2.383935245	LOF
44	C	R	p.C44R	Missense	-2.197828124	LOF
44	C	G	p.C44G	Missense	-2.532168237	LOF
44	C	Y	p.C44Y	Missense	-2.397974078	LOF
44	C	S	p.C44S	Missense	-2.267760544	LOF
44	C	F	p.C44F	Missense	-2.542188514	LOF
44	C	W	p.C44W	Missense	-2.30701978	LOF
45	K	Q	p.K45Q	Missense	-0.267722267	FUNC
45	K	E	p.K45E	Missense	-0.634450234	FUNC
45	K	T	p.K45T	Missense	-0.698344352	FUNC
45	K	R	p.K45R	Missense	-0.126505256	FUNC
45	K	I	p.K45I	Missense	-2.435805825	LOF
45	K	N	p.K45N	Missense	-0.337829371	FUNC
45	K	N	p.K45N	Missense	-0.591244043	FUNC
46	F	I	p.F46I	Missense	0.118018541	FUNC
46	F	L	p.F46L	Missense	-0.578320565	FUNC
46	F	V	p.F46V	Missense	-0.400503797	FUNC
46	F	Y	p.F46Y	Missense	-0.354796574	FUNC
46	F	S	p.F46S	Missense	0.242754195	FUNC
46	F	C	p.F46C	Missense	0.138588779	FUNC
46	F	L	p.F46L	Missense	-0.520164144	FUNC
46	F	L	p.F46L	Missense	0.172623684	FUNC
47	C	S	p.C47S	Missense	-0.899627061	INT
47	C	R	p.C47R	Missense	-1.835296091	LOF
47	C	G	p.C47G	Missense	-2.435887658	LOF
47	C	Y	p.C47Y	Missense	-1.677983341	LOF
47	C	S	p.C47S	Missense	-1.927793944	LOF
47	C	F	p.C47F	Missense	-1.960178757	LOF
47	C	W	p.C47W	Missense	-2.256689846	LOF
48	M	L	p.M48L	Missense	-0.387238184	FUNC
48	M	V	p.M48V	Missense	-0.276021452	FUNC
48	M	L	p.M48L	Missense	-0.243815474	FUNC
48	M	K	p.M48K	Missense	-2.12489334	LOF
48	M	T	p.M48T	Missense	-0.063337848	FUNC
48	M	R	p.M48R	Missense	-2.883956896	LOF
48	M	I	p.M48I	Missense	0.004742499	FUNC
48	M	I	p.M48I	Missense	0.253188799	FUNC
48	M	I	p.M48I	Missense	-0.259442039	FUNC
49	L	M	p.L49M	Missense	-0.518552505	FUNC
49	L	V	p.L49V	Missense	-0.873863087	INT
49	L	Q	p.L49Q	Missense	-0.319246702	FUNC
49	L	P	p.L49P	Missense	-1.624518584	LOF
49	L	R	p.L49R	Missense	-0.696670079	FUNC
50	K	Q	p.K50Q	Missense	-0.289487269	FUNC
50	K	E	p.K50E	Missense	-0.591419465	FUNC
50	K	T	p.K50T	Missense	0.4397899	FUNC
50	K	R	p.K50R	Missense	0.134461517	FUNC
50	K	I	p.K50I	Missense	0.126243712	FUNC
50	K	N	p.K50N	Missense	0.008544665	FUNC
50	K	N	p.K50N	Missense	-0.253562359	FUNC
51	L	I	p.L51I	Missense	-0.321300496	FUNC
51	L	V	p.L51V	Missense	-0.459830957	FUNC
51	L	F	p.L51F	Missense	-0.145244781	FUNC
51	L	H	p.L51H	Missense	0.024377681	FUNC
51	L	P	p.L51P	Missense	-1.332848331	LOF
51	L	R	p.L51R	Missense	-0.334968955	FUNC
52	L	I	p.L52I	Missense	-0.219703422	FUNC
52	L	V	p.L52V	Missense	-0.105063688	FUNC
52	L	F	p.L52F	Missense	-0.164703074	FUNC
52	L	H	p.L52H	Missense	-1.017841257	INT
52	L	P	p.L52P	Missense	-1.263547476	INT
52	L	R	p.L52R	Missense	-1.10919469	INT
53	N	H	p.N53H	Missense	0.006497211	FUNC
53	N	D	p.N53D	Missense	-0.52784335	FUNC
53	N	Y	p.N53Y	Missense	-0.347396708	FUNC
53	N	T	p.N53T	Missense	-0.761628844	INT
53	N	S	p.N53S	Missense	0.00786607	FUNC
53	N	I	p.N53I	Missense	-0.347808015	FUNC
53	N	K	p.N53K	Missense	-0.803382471	INT
53	N	K	p.N53K	Missense	-0.23421106	FUNC
54	Q	K	p.Q54K	Missense	-0.620201371	FUNC
54	Q	E	p.Q54E	Missense	-0.31400165	FUNC
54	Q	P	p.Q54P	Missense	-0.475637296	FUNC
54	Q	R	p.Q54R	Missense	-0.122193843	FUNC
54	Q	L	p.Q54L	Missense	-0.159398532	FUNC
54	Q	H	p.Q54H	Missense	-0.179248267	FUNC
54	Q	H	p.Q54H	Missense	0.016915161	FUNC
55	K	Q	p.K55Q	Missense	0.139050271	FUNC
55	K	E	p.K55E	Missense	0.038472736	FUNC
55	K	T	p.K55T	Missense	0.113378349	FUNC
55	K	R	p.K55R	Missense	-0.04167302	FUNC
55	K	M	p.K55M	Missense	-0.132292328	FUNC
55	K	N	p.K55N	Missense	-0.272475963	FUNC
55	K	N	p.K55N	Missense	0.012762531	FUNC
56	K	Q	p.K56Q	Missense	0.202923925	FUNC
56	K	E	p.K56E	Missense	-0.093192678	FUNC
56	K	T	p.K56T	Missense	-0.082811859	FUNC
56	K	R	p.K56R	Missense	-0.076559115	FUNC
56	K	I	p.K56I	Missense	0.141884635	FUNC
56	K	N	p.K56N	Missense	-0.194643338	FUNC
56	K	N	p.K56N	Missense	-0.083170743	FUNC
57	G	R	p.G57R	Missense	-0.067253305	FUNC
57	G	A	p.G57A	Missense	0.17074004	FUNC
57	G	V	p.G57V	Missense	0.052949158	FUNC
58	P	T	p.P58T	Missense	-0.274594395	FUNC
58	P	A	p.P58A	Missense	-0.064303467	FUNC
58	P	H	p.P58H	Missense	-1.468096572	LOF
58	P	R	p.P58R	Missense	0.191628628	FUNC
58	P	L	p.P58L	Missense	0.03365898	FUNC
59	S	T	p.S59T	Missense	-0.007698412	FUNC
59	S	P	p.S59P	Missense	-0.111088432	FUNC
59	S	A	p.S59A	Missense	0.122591621	FUNC
59	S	L	p.S59L	Missense	-0.21669482	FUNC
60	Q	K	p.Q60K	Missense	-0.343854366	FUNC
60	Q	E	p.Q60E	Missense	0.074680886	FUNC
60	Q	P	p.Q60P	Missense	0.557264663	FUNC
60	Q	R	p.Q60R	Missense	0.175006538	FUNC
60	Q	L	p.Q60L	Missense	-0.040427194	FUNC
60	Q	H	p.Q60H	Missense	-0.447215322	FUNC
60	Q	H	p.Q60H	Missense	-0.204028151	FUNC
61	C	S	p.C61S	Missense	-1.841035652	LOF
61	C	R	p.C61R	Missense	-1.327538227	INT
61	C	G	p.C61G	Missense	-1.738348139	LOF
61	C	Y	p.C61Y	Missense	-1.488518298	LOF
61	C	S	p.C61S	Missense	-2.065267107	LOF
61	C	F	p.C61F	Missense	-1.937519013	LOF
61	C	W	p.C61W	Missense	-2.512010638	LOF
62	P	T	p.P62T	Missense	-1.067635152	INT
62	P	A	p.P62A	Missense	-0.625469855	FUNC
62	P	S	p.P62S	Missense	-0.739621387	FUNC
62	P	H	p.P62H	Missense	-0.753698183	INT
62	P	R	p.P62R	Missense	-0.73045277	FUNC
62	P	L	p.P62L	Missense	-0.530946091	FUNC
63	L	I	p.L63I	Missense	0.393837055	FUNC
63	L	V	p.L63V	Missense	0.081514189	FUNC
63	L	S	p.L63S	Missense	0.049177735	FUNC
63	L	F	p.L63F	Missense	-0.331791872	FUNC
63	L	F	p.L63F	Missense	-0.448007202	FUNC
64	C	S	p.C64S	Missense	-2.390369304	LOF
64	C	R	p.C64R	Missense	-1.691115997	LOF
64	C	G	p.C64G	Missense	-1.951135261	LOF
64	C	Y	p.C64Y	Missense	-2.050298211	LOF
64	C	S	p.C64S	Missense	-3.022206145	LOF
64	C	F	p.C64F	Missense	-1.589460947	LOF
64	C	W	p.C64W	Missense	-1.603799715	LOF
65	K	Q	p.K65Q	Missense	0.20349991	FUNC
65	K	E	p.K65E	Missense	-0.010400926	FUNC
65	K	T	p.K65T	Missense	-0.084730438	FUNC
65	K	R	p.K65R	Missense	0.186615867	FUNC
65	K	M	p.K65M	Missense	0.195705359	FUNC
65	K	N	p.K65N	Missense	-0.356633664	FUNC
65	K	N	p.K65N	Missense	-0.266965752	FUNC
66	N	H	p.N66H	Missense	0.144133797	FUNC
66	N	D	p.N66D	Missense	-0.117274997	FUNC
66	N	Y	p.N66Y	Missense	-1.769773114	LOF
66	N	T	p.N66T	Missense	0.157001707	FUNC
66	N	S	p.N66S	Missense	0.020971639	FUNC
66	N	I	p.N66I	Missense	0.354824787	FUNC
66	N	K	p.N66K	Missense	0.331522622	FUNC
66	N	K	p.N66K	Missense	0.055846025	FUNC
67	D	N	p.D67N	Missense	0.149696616	FUNC
67	D	H	p.D67H	Missense	-0.336806341	FUNC
67	D	Y	p.D67Y	Missense	-0.080995005	FUNC
67	D	A	p.D67A	Missense	0.134788632	FUNC
67	D	G	p.D67G	Missense	0.045656838	FUNC
67	D	V	p.D67V	Missense	0.141412316	FUNC
67	D	E	p.D67E	Missense	0.259751854	FUNC
67	D	E	p.D67E	Missense	-0.096183038	FUNC
68	I	L	p.I68L	Missense	-0.051010401	FUNC
68	I	V	p.I68V	Missense	0.061827305	FUNC
68	I	L	p.I68L	Missense	0.036444578	FUNC
68	I	K	p.I68K	Missense	-1.5354204	LOF
68	I	T	p.I68T	Missense	-0.318205181	FUNC
68	I	R	p.I68R	Missense	-1.754848242	LOF
68	I	M	p.I68M	Missense	0.122549115	FUNC
69	T	P	p.T69P	Missense	-0.027454829	FUNC
69	T	A	p.T69A	Missense	-0.078479028	FUNC
69	T	S	p.T69S	Missense	0.117239498	FUNC
69	T	N	p.T69N	Missense	0.153279184	FUNC
69	T	S	p.T69S	Missense	-0.201005026	FUNC
69	T	I	p.T69I	Missense	-0.002860962	FUNC
70	K	Q	p.K70Q	Missense	-0.107747824	FUNC
70	K	E	p.K70E	Missense	0.12420064	FUNC
70	K	T	p.K70T	Missense	-0.301242803	FUNC
70	K	R	p.K70R	Missense	0.207178467	FUNC
70	K	I	p.K70I	Missense	-0.101003659	FUNC
70	K	N	p.K70N	Missense	0.196738427	FUNC
70	K	N	p.K70N	Missense	-1.590834635	LOF
71	R	G	p.R71G	Missense	-1.49271759	LOF
71	R	W	p.R71W	Missense	-1.820527181	LOF
71	R	K	p.R71K	Missense	-2.149339119	LOF
71	R	T	p.R71T	Missense	-2.02887065	LOF
71	R	M	p.R71M	Missense	-1.717736029	LOF
71	R	S	p.R71S	Missense	-2.484551004	LOF
71	R	S	p.R71S	Missense	-2.40516553	LOF
72	S	R	p.S72R	Missense	-0.730647966	FUNC
72	S	G	p.S72G	Missense	0.136704722	FUNC
72	S	C	p.S72C	Missense	-0.63904338	FUNC
72	S	N	p.S72N	Missense	-1.375164206	LOF
72	S	T	p.S72T	Missense	0.143507753	FUNC
72	S	I	p.S72I	Missense	-1.013873924	INT
72	S	R	p.S72R	Missense	-0.637529803	FUNC
72	S	R	p.S72R	Missense	-0.542614319	FUNC
73	L	V	p.L73V	Missense	-0.652753445	FUNC
73	L	Q	p.L73Q	Missense	-1.94479994	LOF
73	L	P	p.L73P	Missense	-0.652277126	FUNC
73	L	R	p.L73R	Missense	-2.288564071	LOF
74	Q	K	p.Q74K	Missense	-0.776106134	INT
74	Q	E	p.Q74E	Missense	-0.672932131	FUNC
74	Q	P	p.Q74P	Missense	-0.690148414	FUNC
74	Q	R	p.Q74R	Missense	-0.734980797	FUNC
74	Q	L	p.Q74L	Missense	-0.90038353	INT
74	Q	H	p.Q74H	Missense	0.219999716	FUNC
74	Q	H	p.Q74H	Missense	-0.175679582	FUNC
75	E	K	p.E75K	Missense	-0.192425399	FUNC
75	E	Q	p.E75Q	Missense	-0.972859689	INT
75	E	A	p.E75A	Missense	0.542069101	FUNC
75	E	G	p.E75G	Missense	-0.172499344	FUNC
75	E	D	p.E75D	Missense	0.328566194	FUNC
75	E	D	p.E75D	Missense	-0.363926141	FUNC
76	S	R	p.S76R	Missense	-0.295963198	FUNC
76	S	G	p.S76G	Missense	0.844991186	FUNC
76	S	C	p.S76C	Missense	0.569152615	FUNC
76	S	N	p.S76N	Missense	-0.041297887	FUNC
76	S	T	p.S76T	Missense	-0.208435666	FUNC
76	S	I	p.S76I	Missense	-0.789885622	INT
76	S	R	p.S76R	Missense	-0.208763267	FUNC
77	T	P	p.T77P	Missense	-0.631381944	FUNC
77	T	A	p.T77A	Missense	0.298169169	FUNC
77	T	S	p.T77S	Missense	0.158595848	FUNC
77	T	K	p.T77K	Missense	-0.224951977	FUNC
77	T	R	p.T77R	Missense	-0.708556805	FUNC
77	T	M	p.T77M	Missense	-0.480636069	FUNC
78	R	G	p.R78G	Missense	-0.511506312	FUNC
78	R	K	p.R78K	Missense	-0.59275878	FUNC
78	R	T	p.R78T	Missense	-0.311143921	FUNC
78	R	I	p.R78I	Missense	-0.631862977	FUNC
78	R	S	p.R78S	Missense	-0.626282476	FUNC
78	R	S	p.R78S	Missense	0.263859171	FUNC
79	F	L	p.F79L	Missense	-0.30018784	FUNC
79	F	V	p.F79V	Missense	-0.682545606	FUNC
79	F	Y	p.F79Y	Missense	-0.129085695	FUNC
79	F	S	p.F79S	Missense	-0.648302225	FUNC
79	F	C	p.F79C	Missense	-0.194974239	FUNC
79	F	L	p.F79L	Missense	0.05450346	FUNC
79	F	L	p.F79L	Missense	-0.527933398	FUNC
80	S	R	p.S80R	Missense	-0.76379738	INT
80	S	G	p.S80G	Missense	0.141974946	FUNC
80	S	C	p.S80C	Missense	-0.217631403	FUNC
80	S	N	p.S80N	Missense	-0.412347791	FUNC
80	S	T	p.S80T	Missense	-0.068780385	FUNC
80	S	I	p.S80I	Missense	-1.408656287	LOF
80	S	R	p.S80R	Missense	-0.953367287	INT
80	S	R	p.S80R	Missense	-0.364896856	FUNC
81	Q	K	p.Q81K	Missense	-0.0069177	FUNC
81	Q	E	p.Q81E	Missense	-0.964109618	INT
81	Q	P	p.Q81P	Missense	-0.637299099	FUNC
81	Q	R	p.Q81R	Missense	0.198078811	FUNC
81	Q	L	p.Q81L	Missense	-0.372554914	FUNC
81	Q	H	p.Q81H	Missense	-0.784971029	INT
81	Q	H	p.Q81H	Missense	-1.394269524	LOF
82	L	I	p.L82I	Missense	0.026348169	FUNC
82	L	V	p.L82V	Missense	-0.788895725	INT
82	L	F	p.L82F	Missense	-1.799486366	LOF
82	L	H	p.L82H	Missense	-3.50091997	LOF
82	L	P	p.L82P	Missense	-3.451790641	LOF
82	L	R	p.L82R	Missense	-2.50965929	LOF
83	V	I	p.V83I	Missense	-0.093432181	FUNC
83	V	L	p.V83L	Missense	-0.51531348	FUNC
83	V	F	p.V83F	Missense	-1.744361529	LOF
83	V	D	p.V83D	Missense	-2.378611976	LOF
83	V	G	p.V83G	Missense	-0.020665491	FUNC
84	E	K	p.E84K	Missense	-1.415194053	LOF
84	E	Q	p.E84Q	Missense	0.227577933	FUNC
84	E	A	p.E84A	Missense	-0.436156513	FUNC
84	E	G	p.E84G	Missense	0.097700826	FUNC
84	E	V	p.E84V	Missense	-1.578288971	LOF
84	E	D	p.E84D	Missense	-0.13241045	FUNC
84	E	D	p.E84D	Missense	-0.35798056	FUNC
85	E	K	p.E85K	Missense	-3.718221153	LOF
85	E	Q	p.E85Q	Missense	0.596518164	FUNC
85	E	A	p.E85A	Missense	-0.437781654	FUNC
85	E	G	p.E85G	Missense	-1.455718827	LOF
85	E	V	p.E85V	Missense	-0.10097076	FUNC
85	E	D	p.E85D	Missense	-0.772470138	INT
85	E	D	p.E85D	Missense	-0.326985961	FUNC
86	L	I	p.L86I	Missense	-0.199917549	FUNC
86	L	V	p.L86V	Missense	-0.605664748	FUNC
86	L	Q	p.L86Q	Missense	-0.563689704	FUNC
86	L	P	p.L86P	Missense	-1.996445663	LOF
86	L	R	p.L86R	Missense	-3.3301168	LOF
87	L	M	p.L87M	Missense	-0.436587615	FUNC
87	L	V	p.L87V	Missense	-0.334476342	FUNC
87	L	S	p.L87S	Missense	0.003656997	FUNC
87	L	W	p.L87W	Missense	-0.218890293	FUNC
87	L	F	p.L87F	Missense	-0.139688849	FUNC
87	L	F	p.L87F	Missense	-2.190931042	LOF
88	K	Q	p.K88Q	Missense	-0.404258963	FUNC
88	K	E	p.K88E	Missense	0.223227494	FUNC
88	K	T	p.K88T	Missense	-0.110824205	FUNC
88	K	R	p.K88R	Missense	-0.194855836	FUNC
88	K	N	p.K88N	Missense	-0.605310021	FUNC
88	K	N	p.K88N	Missense	0.189864008	FUNC
89	I	L	p.I89L	Missense	-0.098323842	FUNC
89	I	V	p.I89V	Missense	-0.849261953	INT
89	I	F	p.I89F	Missense	-0.3153345	FUNC
89	I	N	p.I89N	Missense	-2.587206031	LOF
89	I	T	p.I89T	Missense	0.53056219	FUNC
89	I	S	p.I89S	Missense	-0.768140526	INT
89	I	M	p.I89M	Missense	-0.275180331	FUNC
90	I	L	p.I90L	Missense	-0.68881955	FUNC
90	I	V	p.I90V	Missense	-0.072230597	FUNC
90	I	F	p.I90F	Missense	-0.225198812	FUNC
90	I	N	p.I90N	Missense	-1.134469042	INT
90	I	T	p.I90T	Missense	0.056908253	FUNC
90	I	S	p.I90S	Missense	-0.270302363	FUNC
90	I	M	p.I90M	Missense	-0.228945552	FUNC
91	C	S	p.C91S	Missense	-0.241779427	FUNC
91	C	R	p.C91R	Missense	-0.330071694	FUNC
91	C	G	p.C91G	Missense	-0.716466545	FUNC
91	C	Y	p.C91Y	Missense	0.036397735	FUNC
91	C	S	p.C91S	Missense	-0.624507821	FUNC
91	C	F	p.C91F	Missense	-0.243291684	FUNC
91	C	W	p.C91W	Missense	-0.847753322	INT
92	A	T	p.A92T	Missense	-2.262486719	LOF
92	A	P	p.A92P	Missense	-3.043660468	LOF
92	A	S	p.A92S	Missense	-0.580671009	FUNC
92	A	D	p.A92D	Missense	-2.0817542	LOF
92	A	G	p.A92G	Missense	-1.296073339	INT
92	A	V	p.A92V	Missense	-1.845833276	LOF
93	F	I	p.F93I	Missense	-0.675617637	FUNC
93	F	L	p.F93L	Missense	-1.898082126	LOF
93	F	V	p.F93V	Missense	0.137378498	FUNC
93	F	Y	p.F93Y	Missense	0.390097776	FUNC
93	F	S	p.F93S	Missense	-1.420758273	LOF
93	F	C	p.F93C	Missense	-1.152479942	INT
93	F	L	p.F93L	Missense	-1.236264415	INT
93	F	L	p.F93L	Missense	-2.283099116	LOF
94	Q	K	p.Q94K	Missense	-0.195956095	FUNC
94	Q	E	p.Q94E	Missense	-0.11430514	FUNC
94	Q	P	p.Q94P	Missense	-1.202904473	INT
94	Q	R	p.Q94R	Missense	-0.001086415	FUNC
94	Q	L	p.Q94L	Missense	-1.863558142	LOF
94	Q	H	p.Q94H	Missense	-0.248179163	FUNC
94	Q	H	p.Q94H	Missense	-0.439171236	FUNC
95	L	I	p.L95I	Missense	-0.079217739	FUNC
95	L	V	p.L95V	Missense	-1.123790308	INT
95	L	F	p.L95F	Missense	-0.480312471	FUNC
95	L	H	p.L95H	Missense	-0.353218078	FUNC
95	L	P	p.L95P	Missense	-3.271296621	LOF
95	L	R	p.L95R	Missense	-0.202981727	FUNC
96	D	N	p.D96N	Missense	-3.701162377	LOF
96	D	H	p.D96H	Missense	-2.562256457	LOF
96	D	Y	p.D96Y	Missense	-3.544097805	LOF
96	D	A	p.D96A	Missense	-3.070009359	LOF
96	D	G	p.D96G	Missense	-3.002432117	LOF
96	D	V	p.D96V	Missense	-2.743403466	LOF
96	D	E	p.D96E	Missense	-3.844381427	LOF
96	D	E	p.D96E	Missense	-3.466547462	LOF
97	T	P	p.T97P	Missense	-2.517170851	LOF
97	T	A	p.T97A	Missense	-0.726820581	FUNC
97	T	S	p.T97S	Missense	-0.334099777	FUNC
97	T	K	p.T97K	Missense	-1.279120177	INT
97	T	R	p.T97R	Missense	-1.023823585	INT
97	T	I	p.T97I	Missense	-1.040134487	INT
98	G	S	p.G98S	Missense	-0.281335101	FUNC
98	G	R	p.G98R	Missense	-0.378471487	FUNC
98	G	C	p.G98C	Missense	-0.793166242	INT
98	G	D	p.G98D	Missense	-0.390340916	FUNC
98	G	A	p.G98A	Missense	-0.389790135	FUNC
98	G	V	p.G98V	Missense	-1.329269095	LOF
99	L	V	p.L99V	Missense	-0.276943466	FUNC
100	E	D	p.E100D	Missense	-0.360777986	FUNC
100	E	D	p.E100D	Missense	-0.377925754	FUNC
101	Y	N	p.Y101N	Missense	-0.674152759	FUNC
101	Y	D	p.Y101D	Missense	-0.385585877	FUNC
1631	S	R	p.S1631R	Missense	0.151486148	FUNC
1631	S	G	p.S1631G	Missense	0.305708317	FUNC
1631	S	C	p.S1631C	Missense	0.133622447	FUNC
1631	S	N	p.S1631N	Missense	-0.610018672	FUNC
1631	S	T	p.S1631T	Missense	-0.895747939	INT
1631	S	I	p.S1631I	Missense	-1.180831843	INT
1631	S	R	p.S1631R	Missense	0.154709038	FUNC
1631	S	R	p.S1631R	Missense	-0.475580373	FUNC
1632	V	M	p.V1632M	Missense	-0.439777683	FUNC
1632	V	L	p.V1632L	Missense	0.040161357	FUNC
1632	V	L	p.V1632L	Missense	-0.794290561	INT
1632	V	E	p.V1632E	Missense	0.185324553	FUNC
1632	V	A	p.V1632A	Missense	-0.016459957	FUNC
1632	V	G	p.V1632G	Missense	-0.55426026	FUNC
1633	S	R	p.S1633R	Missense	0.634557281	FUNC
1633	S	G	p.S1633G	Missense	-0.25265094	FUNC
1633	S	C	p.S1633C	Missense	1.094138314	FUNC
1633	S	N	p.S1633N	Missense	-0.122721153	FUNC
1633	S	T	p.S1633T	Missense	-0.412856231	FUNC
1633	S	I	p.S1633I	Missense	0.050632554	FUNC
1633	S	R	p.S1633R	Missense	-0.555716158	FUNC
1633	S	R	p.S1633R	Missense	-1.070400098	INT
1634	R	G	p.R1634G	Missense	0.519292947	FUNC
1634	R	K	p.R1634K	Missense	0.268767599	FUNC
1634	R	T	p.R1634T	Missense	0.702940696	FUNC
1634	R	S	p.R1634S	Missense	0.448533074	FUNC
1634	R	S	p.R1634S	Missense	1.306892088	FUNC
1635	E	K	p.E1635K	Missense	0.218818423	FUNC
1635	E	Q	p.E1635Q	Missense	-0.312102905	FUNC
1635	E	A	p.E1635A	Missense	-0.165063122	FUNC
1635	E	G	p.E1635G	Missense	-0.096754391	FUNC
1635	E	V	p.E1635V	Missense	-0.11312094	FUNC
1635	E	D	p.E1635D	Missense	-0.143617495	FUNC
1635	E	D	p.E1635D	Missense	-0.524113645	FUNC
1636	K	Q	p.K1636Q	Missense	0.416121154	FUNC
1636	K	E	p.K1636E	Missense	0.646739008	FUNC
1636	K	T	p.K1636T	Missense	0.011965819	FUNC
1636	K	R	p.K1636R	Missense	0.016185996	FUNC
1636	K	M	p.K1636M	Missense	-0.077995721	FUNC
1636	K	N	p.K1636N	Missense	0.07298451	FUNC
1636	K	N	p.K1636N	Missense	0.049846064	FUNC
1637	P	T	p.P1637T	Missense	-0.65991885	FUNC
1637	P	A	p.P1637A	Missense	0.271299863	FUNC
1637	P	S	p.P1637S	Missense	0.377990217	FUNC
1637	P	Q	p.P1637Q	Missense	-0.286928235	FUNC
1637	P	R	p.P1637R	Missense	-0.061755841	FUNC
1637	P	L	p.P1637L	Missense	-0.417492856	FUNC
1638	E	K	p.E1638K	Missense	-0.425459444	FUNC
1638	E	Q	p.E1638Q	Missense	0.209717916	FUNC
1638	E	A	p.E1638A	Missense	0.112986175	FUNC
1638	E	G	p.E1638G	Missense	-0.191476377	FUNC
1638	E	V	p.E1638V	Missense	-0.276578724	FUNC
1638	E	D	p.E1638D	Missense	-0.211556713	FUNC
1638	E	D	p.E1638D	Missense	-0.226429281	FUNC
1639	L	M	p.L1639M	Missense	-0.129775074	FUNC
1639	L	V	p.L1639V	Missense	0.985678872	FUNC
1639	L	S	p.L1639S	Missense	0.396995548	FUNC
1639	L	W	p.L1639W	Missense	-0.156545823	FUNC
1639	L	F	p.L1639F	Missense	0.593827847	FUNC
1639	L	F	p.L1639F	Missense	-0.128654136	FUNC
1640	T	P	p.T1640P	Missense	0.331681383	FUNC
1640	T	A	p.T1640A	Missense	-0.239408828	FUNC
1640	T	S	p.T1640S	Missense	-0.125729669	FUNC
1640	T	K	p.T1640K	Missense	0.036828949	FUNC
1640	T	R	p.T1640R	Missense	-0.113288212	FUNC
1640	T	I	p.T1640I	Missense	-0.021898697	FUNC
1641	A	T	p.A1641T	Missense	0.375689478	FUNC
1641	A	P	p.A1641P	Missense	-0.287473571	FUNC
1641	A	S	p.A1641S	Missense	-0.927134134	INT
1641	A	D	p.A1641D	Missense	0.441891175	FUNC
1641	A	G	p.A1641G	Missense	-0.288384856	FUNC
1641	A	V	p.A1641V	Missense	0.362735801	FUNC
1642	S	T	p.S1642T	Missense	0.432342353	FUNC
1642	S	P	p.S1642P	Missense	0.46069813	FUNC
1642	S	A	p.S1642A	Missense	-0.048817492	FUNC
1642	S	L	p.S1642L	Missense	0.056911605	FUNC
1643	T	P	p.T1643P	Missense	-0.075218103	FUNC
1643	T	A	p.T1643A	Missense	0.124293669	FUNC
1643	T	S	p.T1643S	Missense	0.322239809	FUNC
1643	T	K	p.T1643K	Missense	-0.159561512	FUNC
1643	T	R	p.T1643R	Missense	-0.226536685	FUNC
1643	T	I	p.T1643I	Missense	-0.174565421	FUNC
1644	E	K	p.E1644K	Missense	-0.195403393	FUNC
1644	E	Q	p.E1644Q	Missense	0.288594316	FUNC
1644	E	A	p.E1644A	Missense	-0.128459395	FUNC
1644	E	G	p.E1644G	Missense	0.019628499	FUNC
1644	E	V	p.E1644V	Missense	-0.070783936	FUNC
1644	E	D	p.E1644D	Missense	-0.382091404	FUNC
1644	E	D	p.E1644D	Missense	0.490304116	FUNC
1645	R	G	p.R1645G	Missense	0.292396293	FUNC
1645	R	W	p.R1645W	Missense	-0.027223932	FUNC
1645	R	K	p.R1645K	Missense	-0.056075172	FUNC
1645	R	T	p.R1645T	Missense	0.134062079	FUNC
1645	R	M	p.R1645M	Missense	-0.777459733	INT
1645	R	S	p.R1645S	Missense	0.418234042	FUNC
1645	R	S	p.R1645S	Missense	-0.592238305	FUNC
1646	V	I	p.V1646I	Missense	-0.283400558	FUNC
1646	V	L	p.V1646L	Missense	-0.233034711	FUNC
1646	V	F	p.V1646F	Missense	-0.455977913	FUNC
1646	V	D	p.V1646D	Missense	0.013159575	FUNC
1646	V	A	p.V1646A	Missense	0.052774638	FUNC
1646	V	G	p.V1646G	Missense	0.512206875	FUNC
1647	N	H	p.N1647H	Missense	0.062515946	FUNC
1647	N	D	p.N1647D	Missense	-0.095048221	FUNC
1647	N	Y	p.N1647Y	Missense	0.269235813	FUNC
1647	N	T	p.N1647T	Missense	0.107487391	FUNC
1647	N	S	p.N1647S	Missense	0.318003895	FUNC
1647	N	I	p.N1647I	Missense	0.081979622	FUNC
1647	N	K	p.N1647K	Missense	-0.114103274	FUNC
1647	N	K	p.N1647K	Missense	-0.325229905	FUNC
1648	K	Q	p.K1648Q	Missense	-0.24992858	FUNC
1648	K	E	p.K1648E	Missense	0.362390956	FUNC
1648	K	T	p.K1648T	Missense	-0.049865482	FUNC
1648	K	R	p.K1648R	Missense	0.004237739	FUNC
1648	K	I	p.K1648I	Missense	0.168571556	FUNC
1648	K	N	p.K1648N	Missense	0.111407047	FUNC
1648	K	N	p.K1648N	Missense	0.069540538	FUNC
1649	R	G	p.R1649G	Missense	0.522231651	FUNC
1649	R	K	p.R1649K	Missense	0.075178455	FUNC
1649	R	T	p.R1649T	Missense	-0.214181107	FUNC
1649	R	I	p.R1649I	Missense	0.139303583	FUNC
1649	R	S	p.R1649S	Missense	0.208336568	FUNC
1649	R	S	p.R1649S	Missense	-0.142793622	FUNC
1650	M	L	p.M1650L	Missense	0.002624486	FUNC
1650	M	V	p.M1650V	Missense	0.758384538	FUNC
1650	M	L	p.M1650L	Missense	-0.117122551	FUNC
1650	M	K	p.M1650K	Missense	0.081676731	FUNC
1650	M	T	p.M1650T	Missense	0.210380627	FUNC
1650	M	R	p.M1650R	Missense	0.292724427	FUNC
1650	M	I	p.M1650I	Missense	0.204137127	FUNC
1650	M	I	p.M1650I	Missense	0.466635214	FUNC
1650	M	I	p.M1650I	Missense	0.093430762	FUNC
1651	S	T	p.S1651T	Missense	-0.284494787	FUNC
1651	S	P	p.S1651P	Missense	-1.478648707	LOF
1651	S	A	p.S1651A	Missense	0.343579958	FUNC
1651	S	Y	p.S1651Y	Missense	-0.322341632	FUNC
1651	S	C	p.S1651C	Missense	-0.293665511	FUNC
1651	S	F	p.S1651F	Missense	-0.631796914	FUNC
1652	M	L	p.M1652L	Missense	0.282053158	FUNC
1652	M	V	p.M1652V	Missense	0.100098058	FUNC
1652	M	L	p.M1652L	Missense	0.321293604	FUNC
1652	M	K	p.M1652K	Missense	-1.532355463	LOF
1652	M	T	p.M1652T	Missense	-0.353085227	FUNC
1652	M	R	p.M1652R	Missense	-1.890501274	LOF
1652	M	I	p.M1652I	Missense	0.143488826	FUNC
1652	M	I	p.M1652I	Missense	0.114001848	FUNC
1652	M	I	p.M1652I	Missense	-0.356594916	FUNC
1653	V	L	p.V1653L	Missense	-1.797284256	LOF
1653	V	L	p.V1653L	Missense	-1.849139119	LOF
1653	V	E	p.V1653E	Missense	-1.503697722	LOF
1653	V	A	p.V1653A	Missense	0.171399878	FUNC
1653	V	G	p.V1653G	Missense	-0.263024274	FUNC
1654	V	M	p.V1654M	Missense	0.06610235	FUNC
1654	V	L	p.V1654L	Missense	0.268368446	FUNC
1654	V	L	p.V1654L	Missense	-0.169476903	FUNC
1654	V	E	p.V1654E	Missense	-1.067963986	INT
1654	V	A	p.V1654A	Missense	0.169871102	FUNC
1654	V	G	p.V1654G	Missense	-0.188828198	FUNC
1655	S	T	p.S1655T	Missense	-0.6662035	FUNC
1655	S	P	p.S1655P	Missense	-1.782506156	LOF
1655	S	A	p.S1655A	Missense	-1.135430433	INT
1655	S	Y	p.S1655Y	Missense	-2.497888893	LOF
1655	S	C	p.S1655C	Missense	-1.539666922	LOF
1655	S	F	p.S1655F	Missense	-1.555696871	LOF
1656	G	S	p.G1656S	Missense	-0.499145945	FUNC
1656	G	R	p.G1656R	Missense	0.135780354	FUNC
1656	G	C	p.G1656C	Missense	-0.111774196	FUNC
1656	G	D	p.G1656D	Missense	-0.53894391	FUNC
1656	G	A	p.G1656A	Missense	0.24231314	FUNC
1656	G	V	p.G1656V	Missense	-0.66980237	FUNC
1657	L	M	p.L1657M	Missense	0.099945891	FUNC
1657	L	V	p.L1657V	Missense	0.32869041	FUNC
1657	L	Q	p.L1657Q	Missense	-1.758251275	LOF
1657	L	P	p.L1657P	Missense	-1.526102897	LOF
1657	L	R	p.L1657R	Missense	-1.646806019	LOF
1658	T	A	p.T1658A	Missense	0.257015715	FUNC
1658	T	S	p.T1658S	Missense	0.483314353	FUNC
1659	P	T	p.P1659T	Missense	0.629009943	FUNC
1659	P	A	p.P1659A	Missense	0.28409581	FUNC
1659	P	S	p.P1659S	Missense	0.352563322	FUNC
1659	P	Q	p.P1659Q	Missense	0.512326669	FUNC
1659	P	R	p.P1659R	Missense	0.133281467	FUNC
1659	P	L	p.P1659L	Missense	0.231939078	FUNC
1660	E	K	p.E1660K	Missense	-0.63049767	FUNC
1660	E	Q	p.E1660Q	Missense	0.168336539	FUNC
1660	E	A	p.E1660A	Missense	0.134577314	FUNC
1660	E	G	p.E1660G	Missense	0.184538892	FUNC
1660	E	V	p.E1660V	Missense	0.018955528	FUNC
1660	E	D	p.E1660D	Missense	-0.110672755	FUNC
1660	E	D	p.E1660D	Missense	0.491942061	FUNC
1661	E	K	p.E1661K	Missense	-0.311873629	FUNC
1661	E	Q	p.E1661Q	Missense	-0.16863073	FUNC
1661	E	A	p.E1661A	Missense	-0.581455444	FUNC
1661	E	G	p.E1661G	Missense	-0.797023236	INT
1661	E	V	p.E1661V	Missense	-0.584913205	FUNC
1661	E	D	p.E1661D	Missense	0.104998853	FUNC
1661	E	D	p.E1661D	Missense	0.333820624	FUNC
1662	F	I	p.F1662I	Missense	0.260322651	FUNC
1662	F	L	p.F1662L	Missense	-0.04962243	FUNC
1662	F	V	p.F1662V	Missense	-0.057700023	FUNC
1662	F	Y	p.F1662Y	Missense	0.05287222	FUNC
1662	F	S	p.F1662S	Missense	-0.254857538	FUNC
1662	F	C	p.F1662C	Missense	0.748164167	FUNC
1662	F	L	p.F1662L	Missense	-0.650154024	FUNC
1662	F	L	p.F1662L	Missense	0.130331689	FUNC
1663	M	L	p.M1663L	Missense	-1.062924694	INT
1663	M	V	p.M1663V	Missense	-0.015246602	FUNC
1663	M	L	p.M1663L	Missense	-2.123066999	LOF
1663	M	K	p.M1663K	Missense	-2.052323801	LOF
1663	M	T	p.M1663T	Missense	-0.808826694	INT
1663	M	R	p.M1663R	Missense	-1.935119217	LOF
1663	M	I	p.M1663I	Missense	-0.748995161	INT
1663	M	I	p.M1663I	Missense	-0.052540097	FUNC
1663	M	I	p.M1663I	Missense	-0.404924609	FUNC
1664	L	I	p.L1664I	Missense	-0.327476217	FUNC
1664	L	V	p.L1664V	Missense	-0.447092426	FUNC
1664	L	F	p.L1664F	Missense	0.047215136	FUNC
1664	L	H	p.L1664H	Missense	0.034633749	FUNC
1664	L	P	p.L1664P	Missense	-0.010177224	FUNC
1664	L	R	p.L1664R	Missense	-0.521993648	FUNC
1665	V	M	p.V1665M	Missense	0.024768716	FUNC
1665	V	L	p.V1665L	Missense	-0.055663228	FUNC
1665	V	L	p.V1665L	Missense	-0.908947433	INT
1665	V	E	p.V1665E	Missense	-1.72003405	LOF
1665	V	A	p.V1665A	Missense	0.012045065	FUNC
1665	V	G	p.V1665G	Missense	-0.53527218	FUNC
1666	Y	N	p.Y1666N	Missense	0.042238143	FUNC
1666	Y	H	p.Y1666H	Missense	0.733635002	FUNC
1666	Y	D	p.Y1666D	Missense	0.028524331	FUNC
1666	Y	S	p.Y1666S	Missense	-0.151134009	FUNC
1666	Y	C	p.Y1666C	Missense	0.083456764	FUNC
1666	Y	F	p.Y1666F	Missense	-0.04103853	FUNC
1667	K	Q	p.K1667Q	Missense	0.14119934	FUNC
1667	K	E	p.K1667E	Missense	0.270624841	FUNC
1667	K	T	p.K1667T	Missense	-0.460669232	FUNC
1667	K	R	p.K1667R	Missense	-0.714818329	FUNC
1667	K	M	p.K1667M	Missense	0.13266039	FUNC
1667	K	N	p.K1667N	Missense	0.351816071	FUNC
1667	K	N	p.K1667N	Missense	-0.975486241	INT
1668	F	I	p.F1668I	Missense	-0.17881636	FUNC
1668	F	L	p.F1668L	Missense	0.254510722	FUNC
1668	F	V	p.F1668V	Missense	-0.663486749	FUNC
1668	F	Y	p.F1668Y	Missense	-0.04805012	FUNC
1668	F	S	p.F1668S	Missense	-1.760687133	LOF
1668	F	C	p.F1668C	Missense	-0.325029892	FUNC
1668	F	L	p.F1668L	Missense	-1.489862751	LOF
1668	F	L	p.F1668L	Missense	-0.045968039	FUNC
1669	A	T	p.A1669T	Missense	0.033971254	FUNC
1669	A	P	p.A1669P	Missense	-1.803284855	LOF
1669	A	S	p.A1669S	Missense	-0.401850537	FUNC
1669	A	D	p.A1669D	Missense	-1.013676469	INT
1669	A	G	p.A1669G	Missense	-0.336644052	FUNC
1670	R	G	p.R1670G	Missense	0.217765799	FUNC
1670	R	K	p.R1670K	Missense	-1.552697925	LOF
1670	R	T	p.R1670T	Missense	-0.983168111	INT
1670	R	I	p.R1670I	Missense	-0.458163454	FUNC
1670	R	S	p.R1670S	Missense	-0.080312089	FUNC
1670	R	S	p.R1670S	Missense	-1.245046522	INT
1671	K	Q	p.K1671Q	Missense	0.242271091	FUNC
1671	K	E	p.K1671E	Missense	0.091841339	FUNC
1671	K	T	p.K1671T	Missense	0.443511598	FUNC
1671	K	R	p.K1671R	Missense	0.298685821	FUNC
1671	K	I	p.K1671I	Missense	0.206516491	FUNC
1671	K	N	p.K1671N	Missense	0.244102202	FUNC
1671	K	N	p.K1671N	Missense	0.071395922	FUNC
1672	H	N	p.H1672N	Missense	0.037593239	FUNC
1672	H	D	p.H1672D	Missense	-0.83316235	INT
1672	H	Y	p.H1672Y	Missense	-0.083477624	FUNC
1672	H	P	p.H1672P	Missense	-1.602622252	LOF
1672	H	R	p.H1672R	Missense	0.504252734	FUNC
1672	H	L	p.H1672L	Missense	0.664878571	FUNC
1672	H	Q	p.H1672Q	Missense	-0.119693252	FUNC
1672	H	Q	p.H1672Q	Missense	0.099226351	FUNC
1673	H	N	p.H1673N	Missense	-0.131497557	FUNC
1673	H	D	p.H1673D	Missense	-0.132855873	FUNC
1673	H	Y	p.H1673Y	Missense	0.205780716	FUNC
1673	H	P	p.H1673P	Missense	-0.073804345	FUNC
1673	H	R	p.H1673R	Missense	0.066415102	FUNC
1673	H	L	p.H1673L	Missense	0.660457446	FUNC
1673	H	Q	p.H1673Q	Missense	0.010519331	FUNC
1673	H	Q	p.H1673Q	Missense	0.038896316	FUNC
1674	I	L	p.I1674L	Missense	0.384051777	FUNC
1674	I	V	p.I1674V	Missense	0.262136308	FUNC
1674	I	T	p.I1674T	Missense	0.028325171	FUNC
1675	T	P	p.T1675P	Missense	0.339670951	FUNC
1675	T	A	p.T1675A	Missense	0.227925244	FUNC
1675	T	S	p.T1675S	Missense	0.209150702	FUNC
1675	T	N	p.T1675N	Missense	0.062514159	FUNC
1675	T	I	p.T1675I	Missense	0.036029592	FUNC
1676	L	I	p.L1676I	Missense	0.058302853	FUNC
1676	L	V	p.L1676V	Missense	0.20710201	FUNC
1676	L	F	p.L1676F	Missense	0.301227737	FUNC
1676	L	F	p.L1676F	Missense	0.296732225	FUNC
1677	T	P	p.T1677P	Missense	-0.682736497	FUNC
1677	T	A	p.T1677A	Missense	-0.398041548	FUNC
1677	T	S	p.T1677S	Missense	0.303433411	FUNC
1677	T	N	p.T1677N	Missense	-0.203384271	FUNC
1677	T	S	p.T1677S	Missense	0.290125053	FUNC
1677	T	I	p.T1677I	Missense	-1.013694589	INT
1678	N	H	p.N1678H	Missense	-0.163272826	FUNC
1678	N	D	p.N1678D	Missense	0.519645257	FUNC
1678	N	Y	p.N1678Y	Missense	-0.079988029	FUNC
1678	N	T	p.N1678T	Missense	0.268235298	FUNC
1678	N	S	p.N1678S	Missense	0.202968897	FUNC
1678	N	I	p.N1678I	Missense	-0.693611146	FUNC
1678	N	K	p.N1678K	Missense	-0.171434971	FUNC
1678	N	K	p.N1678K	Missense	0.193543714	FUNC
1679	L	I	p.L1679I	Missense	-0.055039057	FUNC
1679	L	V	p.L1679V	Missense	0.370339923	FUNC
1679	L	Q	p.L1679Q	Missense	0.252101032	FUNC
1679	L	P	p.L1679P	Missense	0.117379359	FUNC
1679	L	R	p.L1679R	Missense	0.254610926	FUNC
1680	I	L	p.I1680L	Missense	0.461382067	FUNC
1680	I	V	p.I1680V	Missense	0.15805763	FUNC
1680	I	F	p.I1680F	Missense	-0.100445938	FUNC
1680	I	N	p.I1680N	Missense	-0.243164421	FUNC
1680	I	T	p.I1680T	Missense	0.179818283	FUNC
1680	I	S	p.I1680S	Missense	-0.272118588	FUNC
1680	I	M	p.I1680M	Missense	0.073122806	FUNC
1681	T	P	p.T1681P	Missense	-2.066143297	LOF
1681	T	A	p.T1681A	Missense	0.409708739	FUNC
1681	T	S	p.T1681S	Missense	0.273928924	FUNC
1681	T	N	p.T1681N	Missense	-0.463855564	FUNC
1681	T	S	p.T1681S	Missense	-0.671511512	FUNC
1681	T	I	p.T1681I	Missense	-0.786038538	INT
1682	E	K	p.E1682K	Missense	-1.797376573	LOF
1682	E	Q	p.E1682Q	Missense	-0.978868465	INT
1682	E	A	p.E1682A	Missense	-0.44902225	FUNC
1682	E	G	p.E1682G	Missense	0.368825081	FUNC
1682	E	V	p.E1682V	Missense	-1.939631143	LOF
1682	E	D	p.E1682D	Missense	-0.454716175	FUNC
1682	E	D	p.E1682D	Missense	-0.861915543	INT
1683	E	K	p.E1683K	Missense	-1.990752034	LOF
1683	E	Q	p.E1683Q	Missense	-2.02639001	LOF
1683	E	A	p.E1683A	Missense	0.03721526	FUNC
1683	E	G	p.E1683G	Missense	-1.097150527	INT
1683	E	V	p.E1683V	Missense	-1.331793395	LOF
1683	E	D	p.E1683D	Missense	-0.026429848	FUNC
1683	E	D	p.E1683D	Missense	-0.162661634	FUNC
1684	T	P	p.T1684P	Missense	-1.468392392	LOF
1684	T	A	p.T1684A	Missense	-0.652545724	FUNC
1684	T	S	p.T1684S	Missense	0.132037925	FUNC
1684	T	N	p.T1684N	Missense	-1.250973785	INT
1684	T	S	p.T1684S	Missense	-1.305008719	INT
1684	T	I	p.T1684I	Missense	-1.973014698	LOF
1685	T	P	p.T1685P	Missense	-1.557880918	LOF
1685	T	A	p.T1685A	Missense	-1.840668217	LOF
1685	T	S	p.T1685S	Missense	0.290799794	FUNC
1685	T	N	p.T1685N	Missense	-1.827168684	LOF
1685	T	S	p.T1685S	Missense	-1.950882177	LOF
1685	T	I	p.T1685I	Missense	-1.991576216	LOF
1686	H	N	p.H1686N	Missense	-2.394087682	LOF
1686	H	D	p.H1686D	Missense	-1.652875247	LOF
1686	H	Y	p.H1686Y	Missense	-1.527259899	LOF
1686	H	P	p.H1686P	Missense	-1.965556698	LOF
1686	H	R	p.H1686R	Missense	-1.336637073	LOF
1686	H	L	p.H1686L	Missense	-1.556607261	LOF
1686	H	Q	p.H1686Q	Missense	-1.585423786	LOF
1686	H	Q	p.H1686Q	Missense	-1.92896674	LOF
1687	V	I	p.V1687I	Missense	-0.264841013	FUNC
1687	V	L	p.V1687L	Missense	-0.06950574	FUNC
1687	V	F	p.V1687F	Missense	-2.069983286	LOF
1687	V	D	p.V1687D	Missense	-1.815000555	LOF
1687	V	A	p.V1687A	Missense	-0.491271357	FUNC
1687	V	G	p.V1687G	Missense	-2.334281881	LOF
1688	V	I	p.V1688I	Missense	0.04877562	FUNC
1688	V	L	p.V1688L	Missense	-0.416440551	FUNC
1688	V	F	p.V1688F	Missense	-1.873899169	LOF
1688	V	D	p.V1688D	Missense	-1.572097205	LOF
1688	V	A	p.V1688A	Missense	-0.322963559	FUNC
1688	V	G	p.V1688G	Missense	-2.295249234	LOF
1689	M	L	p.M1689L	Missense	-0.031839984	FUNC
1689	M	V	p.M1689V	Missense	0.561540404	FUNC
1689	M	L	p.M1689L	Missense	-0.484375979	FUNC
1689	M	K	p.M1689K	Missense	-1.813109474	LOF
1689	M	T	p.M1689T	Missense	0.042316509	FUNC
1689	M	R	p.M1689R	Missense	-2.077420101	LOF
1689	M	I	p.M1689I	Missense	-0.187389885	FUNC
1689	M	I	p.M1689I	Missense	-0.095807981	FUNC
1689	M	I	p.M1689I	Missense	-0.531208815	FUNC
1690	K	Q	p.K1690Q	Missense	-0.112956322	FUNC
1690	K	E	p.K1690E	Missense	-0.629180785	FUNC
1690	K	T	p.K1690T	Missense	-1.319579032	INT
1690	K	R	p.K1690R	Missense	0.130445951	FUNC
1690	K	I	p.K1690I	Missense	-1.155802213	INT
1690	K	N	p.K1690N	Missense	-0.066343939	FUNC
1690	K	N	p.K1690N	Missense	-0.186453522	FUNC
1691	T	P	p.T1691P	Missense	-1.739817183	LOF
1691	T	A	p.T1691A	Missense	-1.196233684	INT
1691	T	S	p.T1691S	Missense	0.042523875	FUNC
1691	T	K	p.T1691K	Missense	-1.854934485	LOF
1691	T	R	p.T1691R	Missense	-2.049631434	LOF
1691	T	I	p.T1691I	Missense	-1.39646249	LOF
1692	D	N	p.D1692N	Missense	-1.864842698	LOF
1692	D	H	p.D1692H	Missense	-1.578508318	LOF
1692	D	Y	p.D1692Y	Missense	-1.268931136	INT
1692	D	A	p.D1692A	Missense	-2.080882447	LOF
1692	D	G	p.D1692G	Missense	-1.111542387	INT
1692	D	V	p.D1692V	Missense	-1.685672501	LOF
1692	D	E	p.D1692E	Missense	-1.478271572	LOF
1692	D	E	p.D1692E	Missense	-2.147332662	LOF
1693	A	T	p.A1693T	Missense	-0.444567907	FUNC
1693	A	P	p.A1693P	Missense	-0.192657401	FUNC
1693	A	S	p.A1693S	Missense	-1.474986098	LOF
1693	A	D	p.A1693D	Missense	-1.539991098	LOF
1693	A	G	p.A1693G	Missense	-1.021959091	INT
1693	A	V	p.A1693V	Missense	-1.67152473	LOF
1694	E	K	p.E1694K	Missense	-1.755455826	LOF
1694	E	Q	p.E1694Q	Missense	-0.604248156	FUNC
1694	E	A	p.E1694A	Missense	0.143761629	FUNC
1694	E	G	p.E1694G	Missense	-0.045889999	FUNC
1694	E	V	p.E1694V	Missense	-0.026402047	FUNC
1694	E	D	p.E1694D	Missense	0.103456924	FUNC
1694	E	D	p.E1694D	Missense	-0.187649735	FUNC
1695	F	I	p.F1695I	Missense	-1.02976164	INT
1695	F	L	p.F1695L	Missense	0.383736701	FUNC
1695	F	V	p.F1695V	Missense	-1.801945905	LOF
1695	F	Y	p.F1695Y	Missense	0.019043708	FUNC
1695	F	S	p.F1695S	Missense	0.133192503	FUNC
1695	F	C	p.F1695C	Missense	-0.022411919	FUNC
1695	F	L	p.F1695L	Missense	0.227802227	FUNC
1695	F	L	p.F1695L	Missense	-0.105779491	FUNC
1696	V	M	p.V1696M	Missense	-0.298896816	FUNC
1696	V	L	p.V1696L	Missense	-0.405383961	FUNC
1696	V	L	p.V1696L	Missense	-0.945259125	INT
1696	V	E	p.V1696E	Missense	-1.622381352	LOF
1696	V	A	p.V1696A	Missense	0.036802542	FUNC
1696	V	G	p.V1696G	Missense	-1.329956442	LOF
1697	C	S	p.C1697S	Missense	-0.069252758	FUNC
1697	C	R	p.C1697R	Missense	-2.149392198	LOF
1697	C	G	p.C1697G	Missense	-0.304249046	FUNC
1697	C	Y	p.C1697Y	Missense	-2.057780426	LOF
1697	C	S	p.C1697S	Missense	-0.012695218	FUNC
1697	C	F	p.C1697F	Missense	-2.396256782	LOF
1697	C	W	p.C1697W	Missense	-2.250071798	LOF
1698	E	K	p.E1698K	Missense	-0.063261272	FUNC
1698	E	Q	p.E1698Q	Missense	-0.043776366	FUNC
1698	E	A	p.E1698A	Missense	-0.059287838	FUNC
1698	E	G	p.E1698G	Missense	-0.138484129	FUNC
1698	E	V	p.E1698V	Missense	-0.044283732	FUNC
1698	E	D	p.E1698D	Missense	0.066979078	FUNC
1698	E	D	p.E1698D	Missense	0.109190006	FUNC
1699	R	G	p.R1699G	Missense	-2.210161588	LOF
1699	R	P	p.R1699P	Missense	-1.548522539	LOF
1699	R	L	p.R1699L	Missense	-1.555941912	LOF
1700	T	P	p.T1700P	Missense	-2.279978858	LOF
1700	T	A	p.T1700A	Missense	-2.022891397	LOF
1700	T	K	p.T1700K	Missense	-2.075217324	LOF
1700	T	R	p.T1700R	Missense	-1.704946387	LOF
1700	T	I	p.T1700I	Missense	-2.49174636	LOF
1701	L	M	p.L1701M	Missense	0.183322291	FUNC
1701	L	V	p.L1701V	Missense	-0.118243586	FUNC
1701	L	Q	p.L1701Q	Missense	-0.143577597	FUNC
1701	L	P	p.L1701P	Missense	-1.300430591	INT
1701	L	R	p.L1701R	Missense	-0.466710466	FUNC
1702	K	Q	p.K1702Q	Missense	-2.278785445	LOF
1702	K	E	p.K1702E	Missense	-2.020249694	LOF
1702	K	T	p.K1702T	Missense	-1.581271126	LOF
1702	K	R	p.K1702R	Missense	-1.741090006	LOF
1702	K	I	p.K1702I	Missense	-2.017579191	LOF
1702	K	N	p.K1702N	Missense	-1.975027265	LOF
1702	K	N	p.K1702N	Missense	-1.943189759	LOF
1703	Y	N	p.Y1703N	Missense	-2.212963851	LOF
1703	Y	H	p.Y1703H	Missense	-1.701735098	LOF
1703	Y	D	p.Y1703D	Missense	-2.34851835	LOF
1703	Y	S	p.Y1703S	Missense	-2.065719894	LOF
1703	Y	C	p.Y1703C	Missense	-1.820256454	LOF
1703	Y	F	p.Y1703F	Missense	-0.181696427	FUNC
1704	F	I	p.F1704I	Missense	-1.454947523	LOF
1704	F	L	p.F1704L	Missense	-1.665280081	LOF
1704	F	V	p.F1704V	Missense	-2.147007982	LOF
1704	F	Y	p.F1704Y	Missense	-2.123416074	LOF
1704	F	S	p.F1704S	Missense	-2.110953716	LOF
1704	F	C	p.F1704C	Missense	-1.70622233	LOF
1704	F	L	p.F1704L	Missense	-1.780220727	LOF
1704	F	L	p.F1704L	Missense	-1.852174012	LOF
1705	L	I	p.L1705I	Missense	-0.134881303	FUNC
1705	L	V	p.L1705V	Missense	-0.147693793	FUNC
1705	L	Q	p.L1705Q	Missense	-0.190565784	FUNC
1705	L	P	p.L1705P	Missense	-2.154313061	LOF
1705	L	R	p.L1705R	Missense	-1.174174853	INT
1706	G	R	p.G1706R	Missense	-2.379797633	LOF
1706	G	R	p.G1706R	Missense	-2.238620555	LOF
1706	G	E	p.G1706E	Missense	-2.452989818	LOF
1706	G	A	p.G1706A	Missense	-0.05142991	FUNC
1706	G	V	p.G1706V	Missense	-2.322979207	LOF
1707	I	L	p.I1707L	Missense	0.078022189	FUNC
1707	I	V	p.I1707V	Missense	0.066909656	FUNC
1707	I	F	p.I1707F	Missense	-2.348219461	LOF
1707	I	N	p.I1707N	Missense	-0.689444676	FUNC
1707	I	T	p.I1707T	Missense	-0.143325095	FUNC
1707	I	S	p.I1707S	Missense	-2.295094451	LOF
1707	I	M	p.I1707M	Missense	-0.275064271	FUNC
1708	A	T	p.A1708T	Missense	-1.359454021	LOF
1708	A	P	p.A1708P	Missense	-2.263130748	LOF
1708	A	S	p.A1708S	Missense	-0.514801322	FUNC
1708	A	E	p.A1708E	Missense	-2.008257997	LOF
1708	A	G	p.A1708G	Missense	-2.228883533	LOF
1708	A	V	p.A1708V	Missense	-0.222956413	FUNC
1709	G	R	p.G1709R	Missense	-0.09621458	FUNC
1709	G	R	p.G1709R	Missense	-0.113058619	FUNC
1709	G	E	p.G1709E	Missense	-0.558665498	FUNC
1709	G	A	p.G1709A	Missense	0.116068252	FUNC
1709	G	V	p.G1709V	Missense	-1.382600556	LOF
1710	G	R	p.G1710R	Missense	-0.014297121	FUNC
1710	G	R	p.G1710R	Missense	0.383451488	FUNC
1710	G	E	p.G1710E	Missense	-0.351688542	FUNC
1710	G	A	p.G1710A	Missense	-0.110930986	FUNC
1710	G	V	p.G1710V	Missense	-0.414221853	FUNC
1711	K	Q	p.K1711Q	Missense	-0.005831092	FUNC
1711	K	E	p.K1711E	Missense	-1.825111171	LOF
1711	K	T	p.K1711T	Missense	-0.008693213	FUNC
1711	K	R	p.K1711R	Missense	0.146135531	FUNC
1711	K	I	p.K1711I	Missense	-0.08417018	FUNC
1711	K	N	p.K1711N	Missense	0.111147332	FUNC
1711	K	N	p.K1711N	Missense	-0.041185353	FUNC
1712	W	R	p.W1712R	Missense	-0.294256432	FUNC
1712	W	R	p.W1712R	Missense	-0.237008767	FUNC
1712	W	G	p.W1712G	Missense	-2.136250219	LOF
1712	W	S	p.W1712S	Missense	-0.35451998	FUNC
1712	W	L	p.W1712L	Missense	-0.333901531	FUNC
1712	W	C	p.W1712C	Missense	0.083286983	FUNC
1712	W	C	p.W1712C	Missense	-0.000406721	FUNC
1713	V	I	p.V1713I	Missense	0.228950411	FUNC
1713	V	L	p.V1713L	Missense	0.210837512	FUNC
1713	V	L	p.V1713L	Missense	-1.923266591	LOF
1713	V	E	p.V1713E	Missense	-2.183787865	LOF
1713	V	A	p.V1713A	Missense	-1.755476485	LOF
1713	V	G	p.V1713G	Missense	-1.88795031	LOF
1714	V	I	p.V1714I	Missense	-0.438877129	FUNC
1714	V	L	p.V1714L	Missense	-0.011433771	FUNC
1714	V	F	p.V1714F	Missense	-1.854755315	LOF
1714	V	D	p.V1714D	Missense	-2.074995063	LOF
1714	V	A	p.V1714A	Missense	-1.299338853	INT
1714	V	G	p.V1714G	Missense	-2.079409178	LOF
1715	S	R	p.S1715R	Missense	-2.209766782	LOF
1715	S	G	p.S1715G	Missense	-0.894501575	INT
1715	S	C	p.S1715C	Missense	-1.698659427	LOF
1715	S	N	p.S1715N	Missense	-2.294657307	LOF
1715	S	T	p.S1715T	Missense	-0.543038028	FUNC
1715	S	I	p.S1715I	Missense	-2.023040734	LOF
1715	S	R	p.S1715R	Missense	-1.769707276	LOF
1715	S	R	p.S1715R	Missense	-1.871063083	LOF
1716	Y	N	p.Y1716N	Missense	0.018086242	FUNC
1716	Y	H	p.Y1716H	Missense	0.293174678	FUNC
1716	Y	D	p.Y1716D	Missense	0.017989542	FUNC
1716	Y	S	p.Y1716S	Missense	0.068957645	FUNC
1716	Y	C	p.Y1716C	Missense	-0.344807992	FUNC
1716	Y	F	p.Y1716F	Missense	0.06187088	FUNC
1717	F	I	p.F1717I	Missense	-0.567159028	FUNC
1717	F	L	p.F1717L	Missense	-0.307746998	FUNC
1717	F	V	p.F1717V	Missense	0.009304937	FUNC
1717	F	Y	p.F1717Y	Missense	0.021042059	FUNC
1717	F	S	p.F1717S	Missense	0.038652294	FUNC
1717	F	C	p.F1717C	Missense	0.169709433	FUNC
1717	F	L	p.F1717L	Missense	0.308719889	FUNC
1717	F	L	p.F1717L	Missense	0.19828517	FUNC
1718	W	R	p.W1718R	Missense	-1.678122592	LOF
1718	W	R	p.W1718R	Missense	-1.650332236	LOF
1718	W	G	p.W1718G	Missense	-1.874947599	LOF
1718	W	S	p.W1718S	Missense	-1.186702945	INT
1718	W	L	p.W1718L	Missense	-1.371155232	LOF
1718	W	C	p.W1718C	Missense	-1.443918845	LOF
1718	W	C	p.W1718C	Missense	-1.575707705	LOF
1719	V	M	p.V1719M	Missense	-0.5405589	FUNC
1719	V	L	p.V1719L	Missense	-0.154702436	FUNC
1719	V	L	p.V1719L	Missense	-0.561705913	FUNC
1719	V	E	p.V1719E	Missense	-1.925277452	LOF
1719	V	A	p.V1719A	Missense	0.374786796	FUNC
1719	V	G	p.V1719G	Missense	-1.38364631	LOF
1720	T	A	p.T1720A	Missense	0.132285866	FUNC
1720	T	S	p.T1720S	Missense	0.380406589	FUNC
1721	Q	K	p.Q1721K	Missense	-0.008477079	FUNC
1721	Q	E	p.Q1721E	Missense	-0.120205617	FUNC
1721	Q	P	p.Q1721P	Missense	-2.352740782	LOF
1721	Q	R	p.Q1721R	Missense	-0.203878344	FUNC
1721	Q	L	p.Q1721L	Missense	0.055847962	FUNC
1721	Q	H	p.Q1721H	Missense	0.054679398	FUNC
1721	Q	H	p.Q1721H	Missense	0.089526948	FUNC
1722	S	T	p.S1722T	Missense	-0.377101067	FUNC
1722	S	P	p.S1722P	Missense	-1.65174167	LOF
1722	S	A	p.S1722A	Missense	0.029494254	FUNC
1722	S	Y	p.S1722Y	Missense	-1.284016223	INT
1722	S	C	p.S1722C	Missense	0.197527537	FUNC
1722	S	F	p.S1722F	Missense	-0.834246379	INT
1723	I	L	p.I1723L	Missense	0.054043046	FUNC
1723	I	V	p.I1723V	Missense	0.283315191	FUNC
1723	I	F	p.I1723F	Missense	0.215808299	FUNC
1723	I	N	p.I1723N	Missense	-0.126123105	FUNC
1723	I	T	p.I1723T	Missense	0.355145638	FUNC
1723	I	S	p.I1723S	Missense	-0.267795187	FUNC
1723	I	M	p.I1723M	Missense	0.00779992	FUNC
1724	K	Q	p.K1724Q	Missense	-0.342907545	FUNC
1724	K	E	p.K1724E	Missense	-0.051271157	FUNC
1724	K	T	p.K1724T	Missense	-0.193830018	FUNC
1724	K	R	p.K1724R	Missense	-0.000931562	FUNC
1724	K	I	p.K1724I	Missense	-0.188903344	FUNC
1724	K	N	p.K1724N	Missense	-0.057957456	FUNC
1724	K	N	p.K1724N	Missense	-0.308207565	FUNC
1725	E	K	p.E1725K	Missense	-0.461716897	FUNC
1725	E	Q	p.E1725Q	Missense	-0.411198294	FUNC
1725	E	A	p.E1725A	Missense	0.185373964	FUNC
1725	E	G	p.E1725G	Missense	0.23084079	FUNC
1725	E	V	p.E1725V	Missense	-0.276712989	FUNC
1725	E	D	p.E1725D	Missense	0.077798	FUNC
1725	E	D	p.E1725D	Missense	-0.155152046	FUNC
1726	R	G	p.R1726G	Missense	0.139873673	FUNC
1726	R	K	p.R1726K	Missense	0.065606784	FUNC
1726	R	T	p.R1726T	Missense	-0.108020882	FUNC
1726	R	I	p.R1726I	Missense	-0.313708723	FUNC
1726	R	S	p.R1726S	Missense	-0.145743968	FUNC
1726	R	S	p.R1726S	Missense	-0.143931107	FUNC
1727	K	Q	p.K1727Q	Missense	0.295675239	FUNC
1727	K	E	p.K1727E	Missense	0.55203429	FUNC
1727	K	T	p.K1727T	Missense	0.177259858	FUNC
1727	K	R	p.K1727R	Missense	0.090003834	FUNC
1727	K	I	p.K1727I	Missense	0.02205352	FUNC
1727	K	N	p.K1727N	Missense	0.068940287	FUNC
1727	K	N	p.K1727N	Missense	0.125853778	FUNC
1728	M	L	p.M1728L	Missense	0.22292254	FUNC
1728	M	V	p.M1728V	Missense	0.113929224	FUNC
1728	M	L	p.M1728L	Missense	-0.292013269	FUNC
1728	M	K	p.M1728K	Missense	0.243499453	FUNC
1728	M	T	p.M1728T	Missense	0.164069415	FUNC
1728	M	R	p.M1728R	Missense	-0.298201446	FUNC
1728	M	I	p.M1728I	Missense	-0.296985543	FUNC
1728	M	I	p.M1728I	Missense	0.151964853	FUNC
1728	M	I	p.M1728I	Missense	-0.330405632	FUNC
1729	L	M	p.L1729M	Missense	-0.437496985	FUNC
1729	L	V	p.L1729V	Missense	0.196300676	FUNC
1729	L	Q	p.L1729Q	Missense	-0.129532584	FUNC
1729	L	P	p.L1729P	Missense	-1.258118135	INT
1729	L	R	p.L1729R	Missense	0.070333078	FUNC
1730	N	H	p.N1730H	Missense	0.421659854	FUNC
1730	N	D	p.N1730D	Missense	-0.003642159	FUNC
1730	N	Y	p.N1730Y	Missense	0.4249336	FUNC
1730	N	T	p.N1730T	Missense	-0.178811215	FUNC
1730	N	S	p.N1730S	Missense	0.232421912	FUNC
1730	N	I	p.N1730I	Missense	-0.32964611	FUNC
1730	N	K	p.N1730K	Missense	0.34805014	FUNC
1730	N	K	p.N1730K	Missense	0.020948734	FUNC
1731	E	K	p.E1731K	Missense	-2.769776089	LOF
1731	E	Q	p.E1731Q	Missense	-0.85868058	INT
1731	E	A	p.E1731A	Missense	0.275906423	FUNC
1731	E	G	p.E1731G	Missense	0.065227302	FUNC
1731	E	V	p.E1731V	Missense	-0.203848215	FUNC
1731	E	D	p.E1731D	Missense	0.125432781	FUNC
1731	E	D	p.E1731D	Missense	-0.031138253	FUNC
1732	H	N	p.H1732N	Missense	-0.586664005	FUNC
1732	H	D	p.H1732D	Missense	-0.176629406	FUNC
1732	H	Y	p.H1732Y	Missense	-0.662483092	FUNC
1732	H	P	p.H1732P	Missense	0.145482326	FUNC
1732	H	R	p.H1732R	Missense	0.333391436	FUNC
1732	H	L	p.H1732L	Missense	0.071120424	FUNC
1732	H	Q	p.H1732Q	Missense	-0.10668094	FUNC
1732	H	Q	p.H1732Q	Missense	-0.02181306	FUNC
1733	D	N	p.D1733N	Missense	-0.511247529	FUNC
1733	D	H	p.D1733H	Missense	-0.054488878	FUNC
1733	D	Y	p.D1733Y	Missense	-0.633444213	FUNC
1733	D	A	p.D1733A	Missense	0.158927256	FUNC
1733	D	G	p.D1733G	Missense	0.167600774	FUNC
1733	D	V	p.D1733V	Missense	-0.445244049	FUNC
1733	D	E	p.D1733E	Missense	0.22581061	FUNC
1733	D	E	p.D1733E	Missense	-0.151059656	FUNC
1734	F	I	p.F1734I	Missense	-2.255002356	LOF
1734	F	L	p.F1734L	Missense	-2.373359959	LOF
1734	F	V	p.F1734V	Missense	-2.481021196	LOF
1734	F	Y	p.F1734Y	Missense	-0.123011326	FUNC
1734	F	S	p.F1734S	Missense	-2.033809729	LOF
1734	F	C	p.F1734C	Missense	-3.36637908	LOF
1734	F	L	p.F1734L	Missense	-2.077640561	LOF
1734	F	L	p.F1734L	Missense	-1.868299863	LOF
1735	E	K	p.E1735K	Missense	-3.242945543	LOF
1735	E	Q	p.E1735Q	Missense	-0.249794862	FUNC
1735	E	A	p.E1735A	Missense	-0.503115482	FUNC
1735	E	G	p.E1735G	Missense	-1.835119675	LOF
1735	E	V	p.E1735V	Missense	0.098740887	FUNC
1735	E	D	p.E1735D	Missense	-1.230850862	INT
1735	E	D	p.E1735D	Missense	-1.370864175	LOF
1736	V	I	p.V1736I	Missense	-0.051934422	FUNC
1736	V	L	p.V1736L	Missense	-1.845344667	LOF
1736	V	F	p.V1736F	Missense	-2.380463702	LOF
1736	V	D	p.V1736D	Missense	-1.931173292	LOF
1736	V	A	p.V1736A	Missense	-1.603092599	LOF
1736	V	G	p.V1736G	Missense	-1.733293339	LOF
1737	R	G	p.R1737G	Missense	-0.347344956	FUNC
1737	R	K	p.R1737K	Missense	-0.949347403	INT
1737	R	T	p.R1737T	Missense	-0.029514156	FUNC
1737	R	I	p.R1737I	Missense	0.204096136	FUNC
1737	R	S	p.R1737S	Missense	0.100274641	FUNC
1737	R	S	p.R1737S	Missense	-0.117326913	FUNC
1738	G	R	p.G1738R	Missense	-3.661620453	LOF
1738	G	R	p.G1738R	Missense	-1.797974466	LOF
1738	G	E	p.G1738E	Missense	-2.635341621	LOF
1738	G	A	p.G1738A	Missense	-2.423903607	LOF
1738	G	V	p.G1738V	Missense	-2.739325547	LOF
1739	D	N	p.D1739N	Missense	-0.114011824	FUNC
1739	D	H	p.D1739H	Missense	-2.767134079	LOF
1739	D	Y	p.D1739Y	Missense	-2.529119775	LOF
1739	D	A	p.D1739A	Missense	-2.475646402	LOF
1739	D	G	p.D1739G	Missense	-2.43103073	LOF
1739	D	V	p.D1739V	Missense	-1.993767422	LOF
1739	D	E	p.D1739E	Missense	-2.66051709	LOF
1739	D	E	p.D1739E	Missense	-2.913167418	LOF
1740	V	L	p.V1740L	Missense	-0.063516068	FUNC
1740	V	A	p.V1740A	Missense	0.079659853	FUNC
1740	V	G	p.V1740G	Missense	-0.506044073	FUNC
1741	V	I	p.V1741I	Missense	0.162782347	FUNC
1741	V	L	p.V1741L	Missense	-0.782954663	INT
1741	V	D	p.V1741D	Missense	-1.90564466	LOF
1741	V	A	p.V1741A	Missense	-0.27418775	FUNC
1742	N	H	p.N1742H	Missense	-0.028315612	FUNC
1742	N	D	p.N1742D	Missense	-0.749588492	INT
1742	N	Y	p.N1742Y	Missense	-1.123927302	INT
1742	N	T	p.N1742T	Missense	0.20615039	FUNC
1742	N	S	p.N1742S	Missense	0.067229341	FUNC
1742	N	I	p.N1742I	Missense	-0.341116351	FUNC
1742	N	K	p.N1742K	Missense	-0.122821188	FUNC
1742	N	K	p.N1742K	Missense	0.54073121	FUNC
1743	G	R	p.G1743R	Missense	-2.681421497	LOF
1743	G	R	p.G1743R	Missense	-1.924081404	LOF
1743	G	E	p.G1743E	Missense	-2.831105914	LOF
1743	G	A	p.G1743A	Missense	-1.213395644	INT
1743	G	V	p.G1743V	Missense	-1.689462298	LOF
1744	R	G	p.R1744G	Missense	-0.026914798	FUNC
1744	R	K	p.R1744K	Missense	0.217324419	FUNC
1744	R	T	p.R1744T	Missense	-0.355909945	FUNC
1744	R	I	p.R1744I	Missense	-0.611578163	FUNC
1744	R	S	p.R1744S	Missense	0.2605459	FUNC
1744	R	S	p.R1744S	Missense	-0.11636937	FUNC
1745	N	H	p.N1745H	Missense	0.209290415	FUNC
1745	N	D	p.N1745D	Missense	0.079887682	FUNC
1745	N	Y	p.N1745Y	Missense	0.065234813	FUNC
1745	N	T	p.N1745T	Missense	-0.073278435	FUNC
1745	N	S	p.N1745S	Missense	0.195848238	FUNC
1745	N	I	p.N1745I	Missense	0.519271991	FUNC
1745	N	K	p.N1745K	Missense	-0.208108783	FUNC
1745	N	K	p.N1745K	Missense	-0.051505797	FUNC
1746	H	N	p.H1746N	Missense	-0.759565562	INT
1746	H	D	p.H1746D	Missense	-1.779168015	LOF
1746	H	Y	p.H1746Y	Missense	-2.304745702	LOF
1746	H	P	p.H1746P	Missense	-2.566477457	LOF
1746	H	R	p.H1746R	Missense	-0.566534227	FUNC
1746	H	L	p.H1746L	Missense	-0.470063509	FUNC
1746	H	Q	p.H1746Q	Missense	-1.297953963	INT
1746	H	Q	p.H1746Q	Missense	-0.89682755	INT
1747	Q	K	p.Q1747K	Missense	-0.417318658	FUNC
1747	Q	E	p.Q1747E	Missense	-0.371298205	FUNC
1747	Q	P	p.Q1747P	Missense	-2.105208429	LOF
1747	Q	R	p.Q1747R	Missense	0.20084236	FUNC
1747	Q	L	p.Q1747L	Missense	0.161184595	FUNC
1747	Q	H	p.Q1747H	Missense	0.259271394	FUNC
1747	Q	H	p.Q1747H	Missense	0.002338777	FUNC
1748	G	S	p.G1748S	Missense	-0.375461919	FUNC
1748	G	R	p.G1748R	Missense	-3.093498513	LOF
1748	G	C	p.G1748C	Missense	-2.706851164	LOF
1748	G	D	p.G1748D	Missense	-1.651899187	LOF
1748	G	A	p.G1748A	Missense	-0.721756325	FUNC
1748	G	V	p.G1748V	Missense	-1.268008407	INT
1749	P	T	p.P1749T	Missense	-0.653988637	FUNC
1749	P	A	p.P1749A	Missense	-0.153996475	FUNC
1749	P	S	p.P1749S	Missense	-1.44884667	LOF
1749	P	Q	p.P1749Q	Missense	-2.675987136	LOF
1749	P	R	p.P1749R	Missense	-3.306062513	LOF
1749	P	L	p.P1749L	Missense	-2.091518939	LOF
1750	K	Q	p.K1750Q	Missense	0.290074466	FUNC
1750	K	E	p.K1750E	Missense	-0.630633802	FUNC
1750	K	T	p.K1750T	Missense	-0.16692092	FUNC
1750	K	R	p.K1750R	Missense	0.364944419	FUNC
1750	K	M	p.K1750M	Missense	-0.04157237	FUNC
1750	K	N	p.K1750N	Missense	-0.892868066	INT
1750	K	N	p.K1750N	Missense	-0.185011355	FUNC
1751	R	G	p.R1751G	Missense	-1.472515666	LOF
1751	R	Q	p.R1751Q	Missense	-0.149920264	FUNC
1751	R	P	p.R1751P	Missense	-2.860787068	LOF
1751	R	L	p.R1751L	Missense	-0.3719187	FUNC
1752	A	T	p.A1752T	Missense	-2.585788759	LOF
1752	A	P	p.A1752P	Missense	-3.126781127	LOF
1752	A	S	p.A1752S	Missense	0.018962269	FUNC
1752	A	E	p.A1752E	Missense	-3.037830223	LOF
1752	A	G	p.A1752G	Missense	-0.281368162	FUNC
1752	A	V	p.A1752V	Missense	-1.738491962	LOF
1753	R	G	p.R1753G	Missense	-2.421415113	LOF
1753	R	K	p.R1753K	Missense	-1.934324702	LOF
1753	R	T	p.R1753T	Missense	-2.370420437	LOF
1753	R	I	p.R1753I	Missense	-2.516981978	LOF
1753	R	S	p.R1753S	Missense	-2.93180106	LOF
1753	R	S	p.R1753S	Missense	-2.128715587	LOF
1754	E	K	p.E1754K	Missense	-0.318323796	FUNC
1754	E	Q	p.E1754Q	Missense	0.015345887	FUNC
1754	E	A	p.E1754A	Missense	0.283962926	FUNC
1754	E	G	p.E1754G	Missense	-0.106235488	FUNC
1754	E	V	p.E1754V	Missense	-0.057690347	FUNC
1754	E	D	p.E1754D	Missense	-0.126836886	FUNC
1754	E	D	p.E1754D	Missense	0.057424559	FUNC
1755	S	T	p.S1755T	Missense	-0.188463324	FUNC
1755	S	P	p.S1755P	Missense	-0.282334304	FUNC
1755	S	A	p.S1755A	Missense	-0.183185182	FUNC
1755	S	Y	p.S1755Y	Missense	-0.484283481	FUNC
1755	S	C	p.S1755C	Missense	0.121448366	FUNC
1755	S	F	p.S1755F	Missense	-0.154077949	FUNC
1756	Q	K	p.Q1756K	Missense	-0.285468104	FUNC
1756	Q	E	p.Q1756E	Missense	0.587609004	FUNC
1756	Q	P	p.Q1756P	Missense	0.11976869	FUNC
1756	Q	R	p.Q1756R	Missense	0.26061444	FUNC
1756	Q	L	p.Q1756L	Missense	0.418980606	FUNC
1756	Q	H	p.Q1756H	Missense	-0.287596634	FUNC
1756	Q	H	p.Q1756H	Missense	-0.190212843	FUNC
1757	D	N	p.D1757N	Missense	-0.146850128	FUNC
1757	D	H	p.D1757H	Missense	0.003611736	FUNC
1757	D	Y	p.D1757Y	Missense	0.09195191	FUNC
1757	D	A	p.D1757A	Missense	0.337990579	FUNC
1757	D	G	p.D1757G	Missense	-0.22913632	FUNC
1757	D	V	p.D1757V	Missense	-0.065095064	FUNC
1757	D	E	p.D1757E	Missense	-0.040718039	FUNC
1757	D	E	p.D1757E	Missense	0.041979448	FUNC
1758	R	G	p.R1758G	Missense	0.315491624	FUNC
1758	R	K	p.R1758K	Missense	0.059075947	FUNC
1758	R	T	p.R1758T	Missense	-0.107145801	FUNC
1758	R	I	p.R1758I	Missense	-0.170083405	FUNC
1758	R	S	p.R1758S	Missense	-0.182165927	FUNC
1758	R	S	p.R1758S	Missense	0.103330787	FUNC
1759	K	Q	p.K1759Q	Missense	0.272969813	FUNC
1759	K	E	p.K1759E	Missense	0.156731174	FUNC
1759	K	T	p.K1759T	Missense	-0.259852223	FUNC
1759	K	R	p.K1759R	Missense	-0.054416045	FUNC
1759	K	M	p.K1759M	Missense	0.37986441	FUNC
1759	K	N	p.K1759N	Missense	-0.434461348	FUNC
1759	K	N	p.K1759N	Missense	0.036740349	FUNC
1760	I	L	p.I1760L	Missense	-0.192788069	FUNC
1760	I	V	p.I1760V	Missense	-0.198692768	FUNC
1760	I	F	p.I1760F	Missense	-0.896258271	INT
1760	I	N	p.I1760N	Missense	-2.181993712	LOF
1760	I	T	p.I1760T	Missense	-2.605287949	LOF
1760	I	S	p.I1760S	Missense	-2.271126986	LOF
1760	I	M	p.I1760M	Missense	-0.167247725	FUNC
1761	F	I	p.F1761I	Missense	-3.434960657	LOF
1761	F	L	p.F1761L	Missense	-0.046552906	FUNC
1761	F	V	p.F1761V	Missense	-2.661537635	LOF
1761	F	Y	p.F1761Y	Missense	-1.034478207	INT
1761	F	S	p.F1761S	Missense	-3.081528484	LOF
1761	F	C	p.F1761C	Missense	-3.000722887	LOF
1761	F	L	p.F1761L	Missense	-0.080100771	FUNC
1761	F	L	p.F1761L	Missense	-0.085941441	FUNC
1762	R	G	p.R1762G	Missense	-0.176011985	FUNC
1762	R	W	p.R1762W	Missense	0.2466609	FUNC
1762	R	K	p.R1762K	Missense	-0.142165264	FUNC
1762	R	T	p.R1762T	Missense	-0.287184713	FUNC
1762	R	M	p.R1762M	Missense	0.264115311	FUNC
1762	R	S	p.R1762S	Missense	0.111612808	FUNC
1762	R	S	p.R1762S	Missense	-0.029690532	FUNC
1763	G	R	p.G1763R	Missense	-0.664336515	FUNC
1763	G	A	p.G1763A	Missense	0.636291743	FUNC
1763	G	V	p.G1763V	Missense	-1.830636761	LOF
1764	L	I	p.L1764I	Missense	-0.457075646	FUNC
1764	L	V	p.L1764V	Missense	-0.502673316	FUNC
1764	L	Q	p.L1764Q	Missense	-1.681584109	LOF
1764	L	P	p.L1764P	Missense	-1.986744563	LOF
1765	E	K	p.E1765K	Missense	-0.102273748	FUNC
1765	E	Q	p.E1765Q	Missense	-0.450121558	FUNC
1765	E	A	p.E1765A	Missense	-0.207861896	FUNC
1765	E	G	p.E1765G	Missense	-0.945497358	INT
1765	E	V	p.E1765V	Missense	-0.197631605	FUNC
1765	E	D	p.E1765D	Missense	-0.028361828	FUNC
1765	E	D	p.E1765D	Missense	-0.129447079	FUNC
1766	I	L	p.I1766L	Missense	0.275411155	FUNC
1766	I	V	p.I1766V	Missense	-0.027999827	FUNC
1766	I	F	p.I1766F	Missense	-0.248929789	FUNC
1766	I	N	p.I1766N	Missense	-2.947427858	LOF
1766	I	T	p.I1766T	Missense	-2.272676881	LOF
1766	I	S	p.I1766S	Missense	-1.832268401	LOF
1766	I	M	p.I1766M	Missense	-0.314915848	FUNC
1767	C	S	p.C1767S	Missense	-0.237880809	FUNC
1767	C	R	p.C1767R	Missense	-1.023520731	INT
1767	C	G	p.C1767G	Missense	-0.961465889	INT
1767	C	Y	p.C1767Y	Missense	-0.018461294	FUNC
1767	C	S	p.C1767S	Missense	-0.966362392	INT
1767	C	F	p.C1767F	Missense	-0.037427329	FUNC
1767	C	W	p.C1767W	Missense	-1.195495022	INT
1768	C	S	p.C1768S	Missense	-0.960079621	INT
1768	C	R	p.C1768R	Missense	-1.22753279	INT
1768	C	G	p.C1768G	Missense	-0.967951041	INT
1768	C	Y	p.C1768Y	Missense	-0.735895408	FUNC
1768	C	S	p.C1768S	Missense	-0.513420935	FUNC
1768	C	F	p.C1768F	Missense	-1.623083698	LOF
1768	C	W	p.C1768W	Missense	-1.883722065	LOF
1769	Y	N	p.Y1769N	Missense	-0.174143412	FUNC
1769	Y	D	p.Y1769D	Missense	-1.754691641	LOF
1769	Y	S	p.Y1769S	Missense	-0.454148627	FUNC
1769	Y	C	p.Y1769C	Missense	-0.848123415	INT
1769	Y	F	p.Y1769F	Missense	0.222513049	FUNC
1770	G	R	p.G1770R	Missense	-1.263370297	INT
1770	G	R	p.G1770R	Missense	-1.486131411	LOF
1770	G	W	p.G1770W	Missense	-2.726979004	LOF
1770	G	E	p.G1770E	Missense	-0.24180534	FUNC
1770	G	A	p.G1770A	Missense	0.177727283	FUNC
1770	G	V	p.G1770V	Missense	-2.598026614	LOF
1771	P	T	p.P1771T	Missense	-0.582526407	FUNC
1771	P	A	p.P1771A	Missense	-0.660597065	FUNC
1771	P	S	p.P1771S	Missense	0.636000094	FUNC
1771	P	H	p.P1771H	Missense	-0.187415676	FUNC
1771	P	R	p.P1771R	Missense	-0.472155007	FUNC
1771	P	L	p.P1771L	Missense	-0.708448452	FUNC
1772	F	I	p.F1772I	Missense	-0.203447138	FUNC
1772	F	L	p.F1772L	Missense	0.018170403	FUNC
1772	F	V	p.F1772V	Missense	-1.019752288	INT
1772	F	Y	p.F1772Y	Missense	0.05286372	FUNC
1772	F	S	p.F1772S	Missense	-0.10482076	FUNC
1772	F	C	p.F1772C	Missense	-0.318746863	FUNC
1772	F	L	p.F1772L	Missense	-0.681683378	FUNC
1773	T	P	p.T1773P	Missense	-0.067303492	FUNC
1773	T	A	p.T1773A	Missense	-0.986490293	INT
1773	T	S	p.T1773S	Missense	0.394609623	FUNC
1773	T	N	p.T1773N	Missense	-0.507254589	FUNC
1773	T	S	p.T1773S	Missense	-0.785410272	INT
1773	T	I	p.T1773I	Missense	0.200455715	FUNC
1774	N	H	p.N1774H	Missense	0.136919874	FUNC
1774	N	D	p.N1774D	Missense	0.066732338	FUNC
1774	N	Y	p.N1774Y	Missense	-0.045066749	FUNC
1774	N	T	p.N1774T	Missense	0.003280231	FUNC
1774	N	S	p.N1774S	Missense	-0.108641712	FUNC
1774	N	I	p.N1774I	Missense	-0.143580172	FUNC
1774	N	K	p.N1774K	Missense	-0.016030451	FUNC
1774	N	K	p.N1774K	Missense	-0.025510589	FUNC
1775	M	L	p.M1775L	Missense	0.159622888	FUNC
1775	M	V	p.M1775V	Missense	-1.522042302	LOF
1775	M	L	p.M1775L	Missense	0.092633679	FUNC
1775	M	K	p.M1775K	Missense	-1.831862366	LOF
1775	M	T	p.M1775T	Missense	-0.703426201	FUNC
1775	M	R	p.M1775R	Missense	-1.392638445	LOF
1775	M	I	p.M1775I	Missense	-0.299537464	FUNC
1775	M	I	p.M1775I	Missense	-1.033399577	INT
1775	M	I	p.M1775I	Missense	-0.844174268	INT
1776	P	T	p.P1776T	Missense	-0.151370595	FUNC
1776	P	A	p.P1776A	Missense	-0.29748191	FUNC
1776	P	S	p.P1776S	Missense	-0.463819845	FUNC
1776	P	H	p.P1776H	Missense	0.332097385	FUNC
1776	P	R	p.P1776R	Missense	-0.077755265	FUNC
1776	P	L	p.P1776L	Missense	-0.365363312	FUNC
1777	T	P	p.T1777P	Missense	0.09141921	FUNC
1777	T	A	p.T1777A	Missense	0.115434624	FUNC
1777	T	S	p.T1777S	Missense	-0.017011003	FUNC
1777	T	K	p.T1777K	Missense	-0.230527311	FUNC
1777	T	R	p.T1777R	Missense	-0.25998477	FUNC
1777	T	I	p.T1777I	Missense	-0.453445016	FUNC
1778	D	N	p.D1778N	Missense	-1.017950484	INT
1778	D	Y	p.D1778Y	Missense	-1.052680353	INT
1778	D	A	p.D1778A	Missense	0.04797171	FUNC
1778	D	G	p.D1778G	Missense	-0.093197797	FUNC
1778	D	V	p.D1778V	Missense	0.010852764	FUNC
1778	D	E	p.D1778E	Missense	-0.208237041	FUNC
1778	D	E	p.D1778E	Missense	0.072841464	FUNC
1779	Q	K	p.Q1779K	Missense	0.174697664	FUNC
1779	Q	E	p.Q1779E	Missense	-0.201378826	FUNC
1779	Q	P	p.Q1779P	Missense	-0.597503848	FUNC
1779	Q	R	p.Q1779R	Missense	-0.082708212	FUNC
1779	Q	L	p.Q1779L	Missense	0.081959098	FUNC
1779	Q	H	p.Q1779H	Missense	0.102366918	FUNC
1779	Q	H	p.Q1779H	Missense	0.381886339	FUNC
1780	L	V	p.L1780V	Missense	-0.690953042	FUNC
1780	L	P	p.L1780P	Missense	-2.354943895	LOF
1780	L	R	p.L1780R	Missense	-1.982653745	LOF
1781	E	K	p.E1781K	Missense	0.122330704	FUNC
1781	E	Q	p.E1781Q	Missense	0.192824554	FUNC
1781	E	A	p.E1781A	Missense	0.400263043	FUNC
1781	E	V	p.E1781V	Missense	0.205498427	FUNC
1781	E	D	p.E1781D	Missense	0.150240979	FUNC
1781	E	D	p.E1781D	Missense	0.069135895	FUNC
1782	W	R	p.W1782R	Missense	-0.00104628	FUNC
1782	W	R	p.W1782R	Missense	0.301775217	FUNC
1782	W	G	p.W1782G	Missense	0.005755388	FUNC
1782	W	S	p.W1782S	Missense	0.180529843	FUNC
1782	W	L	p.W1782L	Missense	0.003886588	FUNC
1782	W	C	p.W1782C	Missense	-0.177425506	FUNC
1782	W	C	p.W1782C	Missense	-0.038111181	FUNC
1783	M	L	p.M1783L	Missense	0.133379333	FUNC
1783	M	V	p.M1783V	Missense	-0.11405249	FUNC
1783	M	L	p.M1783L	Missense	0.042473291	FUNC
1783	M	K	p.M1783K	Missense	-1.512336819	LOF
1783	M	T	p.M1783T	Missense	-0.442333511	FUNC
1783	M	R	p.M1783R	Missense	-2.113652955	LOF
1783	M	I	p.M1783I	Missense	0.214041727	FUNC
1783	M	I	p.M1783I	Missense	-0.23864889	FUNC
1783	M	I	p.M1783I	Missense	-0.145703904	FUNC
1784	V	I	p.V1784I	Missense	-0.052235209	FUNC
1784	V	L	p.V1784L	Missense	0.064662459	FUNC
1784	V	L	p.V1784L	Missense	-0.186488935	FUNC
1784	V	E	p.V1784E	Missense	-2.082720016	LOF
1784	V	A	p.V1784A	Missense	0.288345831	FUNC
1784	V	G	p.V1784G	Missense	-0.482147505	FUNC
1785	Q	K	p.Q1785K	Missense	-0.283400305	FUNC
1785	Q	E	p.Q1785E	Missense	0.269408297	FUNC
1785	Q	P	p.Q1785P	Missense	-1.525560432	LOF
1785	Q	R	p.Q1785R	Missense	0.10397113	FUNC
1785	Q	L	p.Q1785L	Missense	0.064799707	FUNC
1785	Q	H	p.Q1785H	Missense	-0.35794075	FUNC
1785	Q	H	p.Q1785H	Missense	0.322514084	FUNC
1786	L	M	p.L1786M	Missense	-0.177410617	FUNC
1786	L	V	p.L1786V	Missense	-0.196547915	FUNC
1786	L	Q	p.L1786Q	Missense	-0.200929901	FUNC
1786	L	P	p.L1786P	Missense	-1.521510546	LOF
1786	L	R	p.L1786R	Missense	-0.151024584	FUNC
1787	C	S	p.C1787S	Missense	0.069459749	FUNC
1787	C	R	p.C1787R	Missense	-1.925618478	LOF
1787	C	G	p.C1787G	Missense	0.158224375	FUNC
1787	C	Y	p.C1787Y	Missense	-1.75624866	LOF
1787	C	S	p.C1787S	Missense	-0.309405568	FUNC
1787	C	F	p.C1787F	Missense	-0.299372081	FUNC
1787	C	W	p.C1787W	Missense	-1.955358378	LOF
1788	G	S	p.G1788S	Missense	-1.352523321	LOF
1788	G	R	p.G1788R	Missense	-2.185787155	LOF
1788	G	C	p.G1788C	Missense	-1.885704165	LOF
1788	G	D	p.G1788D	Missense	-0.693108212	FUNC
1788	G	A	p.G1788A	Missense	-1.412131697	LOF
1788	G	V	p.G1788V	Missense	-1.679715181	LOF
1789	A	T	p.A1789T	Missense	-2.139004464	LOF
1789	A	P	p.A1789P	Missense	-1.671327794	LOF
1789	A	S	p.A1789S	Missense	-0.439408021	FUNC
1789	A	D	p.A1789D	Missense	-2.497897916	LOF
1789	A	G	p.A1789G	Missense	-0.161095734	FUNC
1789	A	V	p.A1789V	Missense	-1.999552943	LOF
1790	S	T	p.S1790T	Missense	0.1676731	FUNC
1790	S	P	p.S1790P	Missense	-0.545062214	FUNC
1790	S	A	p.S1790A	Missense	0.25068559	FUNC
1790	S	Y	p.S1790Y	Missense	-0.351389324	FUNC
1790	S	C	p.S1790C	Missense	0.159635608	FUNC
1790	S	F	p.S1790F	Missense	-0.24334366	FUNC
1791	V	M	p.V1791M	Missense	-0.252402919	FUNC
1791	V	L	p.V1791L	Missense	-0.102589137	FUNC
1791	V	L	p.V1791L	Missense	0.037219754	FUNC
1791	V	E	p.V1791E	Missense	-1.189003788	INT
1791	V	A	p.V1791A	Missense	0.185419113	FUNC
1791	V	G	p.V1791G	Missense	-0.654299843	FUNC
1792	V	M	p.V1792M	Missense	-0.136814697	FUNC
1792	V	L	p.V1792L	Missense	-0.323216047	FUNC
1792	V	L	p.V1792L	Missense	0.089221299	FUNC
1792	V	E	p.V1792E	Missense	-1.03390543	INT
1792	V	A	p.V1792A	Missense	0.290276502	FUNC
1792	V	G	p.V1792G	Missense	-0.585138825	FUNC
1793	K	Q	p.K1793Q	Missense	0.190832525	FUNC
1793	K	E	p.K1793E	Missense	0.14035815	FUNC
1793	K	T	p.K1793T	Missense	0.304856631	FUNC
1793	K	R	p.K1793R	Missense	0.472239647	FUNC
1793	K	M	p.K1793M	Missense	-0.350282463	FUNC
1793	K	N	p.K1793N	Missense	-0.094157168	FUNC
1793	K	N	p.K1793N	Missense	-0.876197533	INT
1794	E	K	p.E1794K	Missense	-0.191608109	FUNC
1794	E	Q	p.E1794Q	Missense	0.08847117	FUNC
1794	E	A	p.E1794A	Missense	0.133261067	FUNC
1794	E	G	p.E1794G	Missense	0.494525047	FUNC
1794	E	V	p.E1794V	Missense	-0.277387579	FUNC
1794	E	D	p.E1794D	Missense	-0.324753024	FUNC
1794	E	D	p.E1794D	Missense	-0.081595019	FUNC
1795	L	I	p.L1795I	Missense	-0.370652929	FUNC
1795	L	V	p.L1795V	Missense	-0.049730498	FUNC
1795	L	F	p.L1795F	Missense	0.193792115	FUNC
1795	L	H	p.L1795H	Missense	-0.16182793	FUNC
1795	L	P	p.L1795P	Missense	0.185247954	FUNC
1795	L	R	p.L1795R	Missense	0.032762638	FUNC
1796	S	T	p.S1796T	Missense	-0.131191208	FUNC
1796	S	P	p.S1796P	Missense	-0.158763871	FUNC
1796	S	A	p.S1796A	Missense	-0.061224523	FUNC
1796	S	L	p.S1796L	Missense	-0.783587017	INT
1797	S	T	p.S1797T	Missense	-0.126059918	FUNC
1797	S	P	p.S1797P	Missense	0.039486467	FUNC
1797	S	A	p.S1797A	Missense	0.132073996	FUNC
1797	S	L	p.S1797L	Missense	-0.093689799	FUNC
1798	F	I	p.F1798I	Missense	-0.20296737	FUNC
1798	F	L	p.F1798L	Missense	0.08550032	FUNC
1798	F	V	p.F1798V	Missense	-0.209132543	FUNC
1798	F	Y	p.F1798Y	Missense	-0.012765803	FUNC
1798	F	S	p.F1798S	Missense	0.109082853	FUNC
1798	F	C	p.F1798C	Missense	-0.045273343	FUNC
1798	F	L	p.F1798L	Missense	-0.398617696	FUNC
1798	F	L	p.F1798L	Missense	0.061988747	FUNC
1799	T	P	p.T1799P	Missense	0.06951319	FUNC
1799	T	A	p.T1799A	Missense	0.19731123	FUNC
1799	T	S	p.T1799S	Missense	0.2622061	FUNC
1799	T	N	p.T1799N	Missense	-0.281580312	FUNC
1799	T	S	p.T1799S	Missense	0.125790879	FUNC
1799	T	I	p.T1799I	Missense	0.056073639	FUNC
1800	L	I	p.L1800I	Missense	-0.000404225	FUNC
1800	L	V	p.L1800V	Missense	-0.136279493	FUNC
1800	L	F	p.L1800F	Missense	-0.054776004	FUNC
1800	L	H	p.L1800H	Missense	0.163739165	FUNC
1800	L	P	p.L1800P	Missense	0.171427449	FUNC
1800	L	R	p.L1800R	Missense	0.020172492	FUNC
1801	G	S	p.G1801S	Missense	0.092973393	FUNC
1801	G	R	p.G1801R	Missense	-0.261908996	FUNC
1801	G	C	p.G1801C	Missense	-0.1272595	FUNC
1801	G	D	p.G1801D	Missense	0.042955774	FUNC
1801	G	A	p.G1801A	Missense	0.007740476	FUNC
1801	G	V	p.G1801V	Missense	0.265168855	FUNC
1802	T	P	p.T1802P	Missense	0.305814753	FUNC
1802	T	A	p.T1802A	Missense	0.045992706	FUNC
1802	T	S	p.T1802S	Missense	0.074865725	FUNC
1802	T	K	p.T1802K	Missense	-0.354782147	FUNC
1802	T	R	p.T1802R	Missense	-0.060562918	FUNC
1802	T	I	p.T1802I	Missense	0.183191305	FUNC
1803	G	S	p.G1803S	Missense	-0.320508703	FUNC
1803	G	R	p.G1803R	Missense	0.104268268	FUNC
1803	G	C	p.G1803C	Missense	0.30984265	FUNC
1803	G	D	p.G1803D	Missense	-1.070930368	INT
1803	G	A	p.G1803A	Missense	0.015107804	FUNC
1803	G	V	p.G1803V	Missense	-0.349508563	FUNC
1804	V	I	p.V1804I	Missense	0.058148475	FUNC
1804	V	L	p.V1804L	Missense	-0.580450235	FUNC
1804	V	F	p.V1804F	Missense	0.556759822	FUNC
1804	V	D	p.V1804D	Missense	0.429372531	FUNC
1804	V	A	p.V1804A	Missense	0.08158347	FUNC
1804	V	G	p.V1804G	Missense	-0.697272171	FUNC
1805	H	N	p.H1805N	Missense	0.140889196	FUNC
1805	H	D	p.H1805D	Missense	0.211689665	FUNC
1805	H	Y	p.H1805Y	Missense	0.198364117	FUNC
1805	H	P	p.H1805P	Missense	-0.083873047	FUNC
1805	H	R	p.H1805R	Missense	-0.010064457	FUNC
1805	H	L	p.H1805L	Missense	0.276406041	FUNC
1805	H	Q	p.H1805Q	Missense	-0.291323809	FUNC
1805	H	Q	p.H1805Q	Missense	-0.109804787	FUNC
1806	P	T	p.P1806T	Missense	-0.304187042	FUNC
1806	P	A	p.P1806A	Missense	0.098106712	FUNC
1806	P	S	p.P1806S	Missense	0.477544138	FUNC
1806	P	Q	p.P1806Q	Missense	0.073841597	FUNC
1806	P	R	p.P1806R	Missense	0.160857415	FUNC
1806	P	L	p.P1806L	Missense	-0.203817494	FUNC
1807	I	L	p.I1807L	Missense	0.177009281	FUNC
1807	I	V	p.I1807V	Missense	0.161589837	FUNC
1807	I	F	p.I1807F	Missense	-1.125070136	INT
1807	I	N	p.I1807N	Missense	-1.741497034	LOF
1807	I	T	p.I1807T	Missense	-0.260029674	FUNC
1807	I	S	p.I1807S	Missense	-1.932774307	LOF
1807	I	M	p.I1807M	Missense	0.165225199	FUNC
1808	V	L	p.V1808L	Missense	-0.227223409	FUNC
1808	V	A	p.V1808A	Missense	-0.798819225	INT
1808	V	G	p.V1808G	Missense	-1.930088141	LOF
1809	V	I	p.V1809I	Missense	-0.216144901	FUNC
1809	V	D	p.V1809D	Missense	-1.354903918	LOF
1809	V	A	p.V1809A	Missense	-1.649958296	LOF
1810	V	M	p.V1810M	Missense	-0.477757821	FUNC
1810	V	L	p.V1810L	Missense	-0.135301414	FUNC
1810	V	L	p.V1810L	Missense	-0.1213485	FUNC
1810	V	E	p.V1810E	Missense	-1.563640679	LOF
1810	V	A	p.V1810A	Missense	-0.036260638	FUNC
1810	V	G	p.V1810G	Missense	-3.3738808	LOF
1811	Q	K	p.Q1811K	Missense	-2.061911143	LOF
1811	Q	E	p.Q1811E	Missense	-0.076575852	FUNC
1811	Q	P	p.Q1811P	Missense	-1.946901508	LOF
1811	Q	R	p.Q1811R	Missense	-1.711502186	LOF
1811	Q	L	p.Q1811L	Missense	-3.420158147	LOF
1811	Q	H	p.Q1811H	Missense	-0.747776959	FUNC
1811	Q	H	p.Q1811H	Missense	-0.265803184	FUNC
1812	P	T	p.P1812T	Missense	-0.074708535	FUNC
1812	P	A	p.P1812A	Missense	-2.75730524	LOF
1812	P	S	p.P1812S	Missense	-0.326462941	FUNC
1812	P	Q	p.P1812Q	Missense	-0.879112288	INT
1812	P	R	p.P1812R	Missense	0.261310921	FUNC
1812	P	L	p.P1812L	Missense	-0.765334601	INT
1813	D	N	p.D1813N	Missense	-0.142261664	FUNC
1813	D	H	p.D1813H	Missense	-0.981230415	INT
1813	D	Y	p.D1813Y	Missense	-1.316304856	INT
1813	D	A	p.D1813A	Missense	0.025227332	FUNC
1813	D	G	p.D1813G	Missense	0.21034116	FUNC
1813	D	V	p.D1813V	Missense	-0.180560716	FUNC
1813	D	E	p.D1813E	Missense	-0.123269042	FUNC
1813	D	E	p.D1813E	Missense	-0.20293611	FUNC
1814	A	T	p.A1814T	Missense	-0.180716298	FUNC
1814	A	P	p.A1814P	Missense	-0.846765222	INT
1814	A	S	p.A1814S	Missense	-0.671084707	FUNC
1814	A	D	p.A1814D	Missense	-1.254912402	INT
1814	A	G	p.A1814G	Missense	-1.37729254	LOF
1814	A	V	p.A1814V	Missense	-0.359948472	FUNC
1815	W	R	p.W1815R	Missense	-0.602917277	FUNC
1815	W	R	p.W1815R	Missense	-0.365140498	FUNC
1815	W	G	p.W1815G	Missense	-0.624105915	FUNC
1815	W	S	p.W1815S	Missense	-1.549697531	LOF
1815	W	L	p.W1815L	Missense	0.035890047	FUNC
1815	W	C	p.W1815C	Missense	-4.591698941	LOF
1815	W	C	p.W1815C	Missense	-1.666820032	LOF
1816	T	P	p.T1816P	Missense	-0.302598613	FUNC
1816	T	A	p.T1816A	Missense	-0.093720031	FUNC
1816	T	S	p.T1816S	Missense	-0.582124911	FUNC
1816	T	K	p.T1816K	Missense	-0.505095338	FUNC
1816	T	R	p.T1816R	Missense	0.0848726	FUNC
1816	T	I	p.T1816I	Missense	0.018444786	FUNC
1817	E	K	p.E1817K	Missense	0.126226954	FUNC
1817	E	Q	p.E1817Q	Missense	-0.478225312	FUNC
1817	E	A	p.E1817A	Missense	0.310352545	FUNC
1817	E	G	p.E1817G	Missense	0.719011109	FUNC
1817	E	V	p.E1817V	Missense	-0.587397335	FUNC
1817	E	D	p.E1817D	Missense	-0.64556591	FUNC
1817	E	D	p.E1817D	Missense	-0.107234787	FUNC
1818	D	N	p.D1818N	Missense	-0.059666754	FUNC
1818	D	H	p.D1818H	Missense	-1.966682516	LOF
1818	D	Y	p.D1818Y	Missense	0.029580237	FUNC
1818	D	A	p.D1818A	Missense	-0.628332847	FUNC
1818	D	G	p.D1818G	Missense	-3.163035304	LOF
1818	D	V	p.D1818V	Missense	0.155552919	FUNC
1818	D	E	p.D1818E	Missense	0.116922666	FUNC
1818	D	E	p.D1818E	Missense	0.163587351	FUNC
1819	N	H	p.N1819H	Missense	-0.415957444	FUNC
1819	N	D	p.N1819D	Missense	0.000534279	FUNC
1819	N	Y	p.N1819Y	Missense	-0.449637787	FUNC
1819	N	T	p.N1819T	Missense	-0.279502934	FUNC
1819	N	S	p.N1819S	Missense	0.408757217	FUNC
1819	N	I	p.N1819I	Missense	-0.270928279	FUNC
1819	N	K	p.N1819K	Missense	-0.231764896	FUNC
1819	N	K	p.N1819K	Missense	-0.086438508	FUNC
1820	G	S	p.G1820S	Missense	-0.396620648	FUNC
1820	G	R	p.G1820R	Missense	-0.154003266	FUNC
1820	G	C	p.G1820C	Missense	-0.609895505	FUNC
1820	G	D	p.G1820D	Missense	-0.325765931	FUNC
1820	G	A	p.G1820A	Missense	-0.784422946	INT
1820	G	V	p.G1820V	Missense	0.262636792	FUNC
1821	F	I	p.F1821I	Missense	-0.437724082	FUNC
1821	F	L	p.F1821L	Missense	-0.070594406	FUNC
1821	F	V	p.F1821V	Missense	-0.195359257	FUNC
1821	F	Y	p.F1821Y	Missense	-0.038687305	FUNC
1821	F	S	p.F1821S	Missense	-0.112501489	FUNC
1821	F	C	p.F1821C	Missense	-0.73462888	FUNC
1821	F	L	p.F1821L	Missense	-0.453237634	FUNC
1821	F	L	p.F1821L	Missense	-0.098593565	FUNC
1822	H	N	p.H1822N	Missense	0.219049203	FUNC
1822	H	D	p.H1822D	Missense	0.225013754	FUNC
1822	H	Y	p.H1822Y	Missense	-0.242424965	FUNC
1822	H	P	p.H1822P	Missense	0.001600832	FUNC
1822	H	R	p.H1822R	Missense	-0.424960818	FUNC
1822	H	L	p.H1822L	Missense	-0.330819441	FUNC
1822	H	Q	p.H1822Q	Missense	0.07946948	FUNC
1822	H	Q	p.H1822Q	Missense	-0.081382851	FUNC
1823	A	T	p.A1823T	Missense	-3.186519076	LOF
1823	A	P	p.A1823P	Missense	-3.30464537	LOF
1823	A	S	p.A1823S	Missense	-3.642830833	LOF
1823	A	E	p.A1823E	Missense	0.135290186	FUNC
1823	A	G	p.A1823G	Missense	-0.841867943	INT
1823	A	V	p.A1823V	Missense	-0.438360206	FUNC
1824	I	L	p.I1824L	Missense	-0.31378998	FUNC
1824	I	V	p.I1824V	Missense	-0.330562389	FUNC
1824	I	F	p.I1824F	Missense	-0.510016108	FUNC
1824	I	N	p.I1824N	Missense	-0.293590735	FUNC
1824	I	T	p.I1824T	Missense	-0.52808496	FUNC
1824	I	S	p.I1824S	Missense	-0.12643378	FUNC
1824	I	M	p.I1824M	Missense	-2.078019786	LOF
1825	G	R	p.G1825R	Missense	-0.205906394	FUNC
1825	G	R	p.G1825R	Missense	-0.046809263	FUNC
1825	G	W	p.G1825W	Missense	-0.608895507	FUNC
1825	G	E	p.G1825E	Missense	-0.010771661	FUNC
1825	G	A	p.G1825A	Missense	-0.042873856	FUNC
1825	G	V	p.G1825V	Missense	-0.130113384	FUNC
1826	Q	K	p.Q1826K	Missense	-0.025890479	FUNC
1826	Q	E	p.Q1826E	Missense	0.044173969	FUNC
1826	Q	P	p.Q1826P	Missense	-0.032405706	FUNC
1826	Q	R	p.Q1826R	Missense	0.038512569	FUNC
1826	Q	L	p.Q1826L	Missense	-0.188283018	FUNC
1826	Q	H	p.Q1826H	Missense	-0.583553198	FUNC
1826	Q	H	p.Q1826H	Missense	-0.438084188	FUNC
1827	M	L	p.M1827L	Missense	-0.252517318	FUNC
1827	M	V	p.M1827V	Missense	-0.276791005	FUNC
1827	M	L	p.M1827L	Missense	0.236500391	FUNC
1827	M	K	p.M1827K	Missense	-0.129843362	FUNC
1827	M	T	p.M1827T	Missense	0.063026048	FUNC
1827	M	R	p.M1827R	Missense	-0.242181569	FUNC
1827	M	I	p.M1827I	Missense	-0.344383559	FUNC
1827	M	I	p.M1827I	Missense	-0.564045505	FUNC
1827	M	I	p.M1827I	Missense	-0.256728546	FUNC
1828	C	S	p.C1828S	Missense	-0.12286995	FUNC
1828	C	R	p.C1828R	Missense	-0.875619335	INT
1828	C	G	p.C1828G	Missense	-0.40753017	FUNC
1828	C	Y	p.C1828Y	Missense	-0.308549501	FUNC
1828	C	S	p.C1828S	Missense	-0.427149017	FUNC
1828	C	F	p.C1828F	Missense	-0.404389484	FUNC
1828	C	W	p.C1828W	Missense	-0.090205374	FUNC
1829	E	K	p.E1829K	Missense	-0.804182974	INT
1829	E	Q	p.E1829Q	Missense	-0.513444906	FUNC
1829	E	A	p.E1829A	Missense	0.052718601	FUNC
1829	E	G	p.E1829G	Missense	-0.150965352	FUNC
1829	E	V	p.E1829V	Missense	0.226361293	FUNC
1829	E	D	p.E1829D	Missense	-3.62E-06	FUNC
1829	E	D	p.E1829D	Missense	-0.197892937	FUNC
1830	A	T	p.A1830T	Missense	0.168084557	FUNC
1830	A	P	p.A1830P	Missense	-0.653638816	FUNC
1830	A	S	p.A1830S	Missense	-0.344285219	FUNC
1830	A	E	p.A1830E	Missense	-1.125728172	INT
1830	A	G	p.A1830G	Missense	-0.990940648	INT
1830	A	V	p.A1830V	Missense	-0.211976289	FUNC
1831	P	T	p.P1831T	Missense	-0.014992898	FUNC
1831	P	A	p.P1831A	Missense	0.084675759	FUNC
1831	P	S	p.P1831S	Missense	-0.208516948	FUNC
1831	P	H	p.P1831H	Missense	-0.288263507	FUNC
1831	P	R	p.P1831R	Missense	-0.333529135	FUNC
1831	P	L	p.P1831L	Missense	0.085956773	FUNC
1832	V	L	p.V1832L	Missense	-0.736470517	FUNC
1832	V	A	p.V1832A	Missense	-0.909867174	INT
1832	V	G	p.V1832G	Missense	-2.871570544	LOF
1833	V	M	p.V1833M	Missense	-2.183484358	LOF
1833	V	L	p.V1833L	Missense	-0.784809335	INT
1833	V	E	p.V1833E	Missense	-2.605933766	LOF
1833	V	A	p.V1833A	Missense	-0.661423187	FUNC
1834	T	P	p.T1834P	Missense	0.131130517	FUNC
1834	T	A	p.T1834A	Missense	0.220196066	FUNC
1834	T	S	p.T1834S	Missense	-0.184100894	FUNC
1834	T	N	p.T1834N	Missense	-0.049695064	FUNC
1834	T	S	p.T1834S	Missense	0.004400628	FUNC
1834	T	I	p.T1834I	Missense	0.195638344	FUNC
1835	R	G	p.R1835G	Missense	-1.447836507	LOF
1835	R	Q	p.R1835Q	Missense	-0.906347442	INT
1835	R	P	p.R1835P	Missense	-1.312085753	INT
1835	R	L	p.R1835L	Missense	-1.189276623	INT
1836	E	K	p.E1836K	Missense	-0.299933276	FUNC
1836	E	Q	p.E1836Q	Missense	-0.005133664	FUNC
1836	E	A	p.E1836A	Missense	0.459904567	FUNC
1836	E	G	p.E1836G	Missense	-0.171450552	FUNC
1836	E	V	p.E1836V	Missense	-1.690014505	LOF
1836	E	D	p.E1836D	Missense	0.071980761	FUNC
1836	E	D	p.E1836D	Missense	0.019317963	FUNC
1837	W	R	p.W1837R	Missense	-2.460781171	LOF
1837	W	R	p.W1837R	Missense	-2.314418725	LOF
1837	W	G	p.W1837G	Missense	-2.562818474	LOF
1837	W	S	p.W1837S	Missense	-2.224528694	LOF
1837	W	L	p.W1837L	Missense	-2.168872309	LOF
1837	W	C	p.W1837C	Missense	-2.678150284	LOF
1837	W	C	p.W1837C	Missense	-1.696613003	LOF
1838	V	M	p.V1838M	Missense	-0.553037931	FUNC
1838	V	L	p.V1838L	Missense	-0.141088161	FUNC
1838	V	L	p.V1838L	Missense	0.009842337	FUNC
1838	V	E	p.V1838E	Missense	-1.725873238	LOF
1838	V	A	p.V1838A	Missense	-0.213826976	FUNC
1838	V	G	p.V1838G	Missense	-1.979915318	LOF
1839	L	V	p.L1839V	Missense	-1.910878187	LOF
1839	L	S	p.L1839S	Missense	-2.491443829	LOF
1839	L	F	p.L1839F	Missense	-0.234922906	FUNC
1839	L	F	p.L1839F	Missense	0.106059677	FUNC
1840	D	N	p.D1840N	Missense	0.11660501	FUNC
1840	D	H	p.D1840H	Missense	-0.465913766	FUNC
1840	D	A	p.D1840A	Missense	0.040887376	FUNC
1840	D	G	p.D1840G	Missense	-1.364247139	LOF
1840	D	V	p.D1840V	Missense	-1.793784349	LOF
1840	D	E	p.D1840E	Missense	-1.055476641	INT
1840	D	E	p.D1840E	Missense	-1.369464499	LOF
1841	S	R	p.S1841R	Missense	-1.722098245	LOF
1841	S	G	p.S1841G	Missense	-0.833876806	INT
1841	S	C	p.S1841C	Missense	-0.023697712	FUNC
1841	S	N	p.S1841N	Missense	-2.262144441	LOF
1841	S	T	p.S1841T	Missense	-1.863429463	LOF
1841	S	I	p.S1841I	Missense	-2.185789258	LOF
1841	S	R	p.S1841R	Missense	-1.460773851	LOF
1841	S	R	p.S1841R	Missense	-2.929567951	LOF
1842	V	I	p.V1842I	Missense	-0.01810642	FUNC
1842	V	L	p.V1842L	Missense	-0.370697641	FUNC
1842	V	L	p.V1842L	Missense	-0.680209351	FUNC
1842	V	E	p.V1842E	Missense	-2.026892883	LOF
1842	V	A	p.V1842A	Missense	-1.49481134	LOF
1842	V	G	p.V1842G	Missense	-1.922434028	LOF
1843	A	T	p.A1843T	Missense	-0.062383638	FUNC
1843	A	P	p.A1843P	Missense	-2.684527284	LOF
1843	A	S	p.A1843S	Missense	0.060352797	FUNC
1843	A	E	p.A1843E	Missense	-2.819920758	LOF
1843	A	G	p.A1843G	Missense	-0.356104922	FUNC
1843	A	V	p.A1843V	Missense	-0.377550924	FUNC
1844	L	I	p.L1844I	Missense	-0.268220295	FUNC
1844	L	V	p.L1844V	Missense	0.196108695	FUNC
1844	L	F	p.L1844F	Missense	-0.170767947	FUNC
1844	L	H	p.L1844H	Missense	-0.312582722	FUNC
1844	L	P	p.L1844P	Missense	-0.232681566	FUNC
1844	L	R	p.L1844R	Missense	-0.061581269	FUNC
1845	Y	N	p.Y1845N	Missense	-0.029240771	FUNC
1845	Y	H	p.Y1845H	Missense	0.121790822	FUNC
1845	Y	D	p.Y1845D	Missense	-0.811639346	INT
1845	Y	S	p.Y1845S	Missense	-0.22453305	FUNC
1845	Y	C	p.Y1845C	Missense	0.041728726	FUNC
1845	Y	F	p.Y1845F	Missense	0.115162949	FUNC
1846	Q	K	p.Q1846K	Missense	-0.085173172	FUNC
1846	Q	E	p.Q1846E	Missense	-0.193852332	FUNC
1846	Q	P	p.Q1846P	Missense	-1.966089107	LOF
1846	Q	R	p.Q1846R	Missense	0.280153919	FUNC
1846	Q	L	p.Q1846L	Missense	0.098458145	FUNC
1846	Q	H	p.Q1846H	Missense	-0.273650344	FUNC
1846	Q	H	p.Q1846H	Missense	-0.228948399	FUNC
1847	C	S	p.C1847S	Missense	-0.100741125	FUNC
1847	C	R	p.C1847R	Missense	0.255108725	FUNC
1847	C	G	p.C1847G	Missense	-0.051867215	FUNC
1847	C	Y	p.C1847Y	Missense	0.137716861	FUNC
1847	C	S	p.C1847S	Missense	-0.087586844	FUNC
1847	C	F	p.C1847F	Missense	-0.497292266	FUNC
1847	C	W	p.C1847W	Missense	-0.127904431	FUNC
1848	Q	K	p.Q1848K	Missense	0.065825302	FUNC
1848	Q	E	p.Q1848E	Missense	-0.353073612	FUNC
1848	Q	P	p.Q1848P	Missense	-1.749798788	LOF
1848	Q	R	p.Q1848R	Missense	0.251439368	FUNC
1848	Q	L	p.Q1848L	Missense	-0.101285458	FUNC
1848	Q	H	p.Q1848H	Missense	-0.607000667	FUNC
1848	Q	H	p.Q1848H	Missense	-1.180843309	INT
1849	E	K	p.E1849K	Missense	-0.142875393	FUNC
1849	E	Q	p.E1849Q	Missense	0.047025123	FUNC
1849	E	A	p.E1849A	Missense	-1.18497765	INT
1849	E	G	p.E1849G	Missense	-0.444983274	FUNC
1849	E	V	p.E1849V	Missense	-1.009539446	INT
1849	E	D	p.E1849D	Missense	0.151566409	FUNC
1849	E	D	p.E1849D	Missense	-0.084089872	FUNC
1850	L	M	p.L1850M	Missense	0.168902849	FUNC
1850	L	V	p.L1850V	Missense	-0.406771498	FUNC
1850	L	Q	p.L1850Q	Missense	-0.635649813	FUNC
1850	L	P	p.L1850P	Missense	0.106617167	FUNC
1850	L	R	p.L1850R	Missense	-0.185898415	FUNC
1851	D	N	p.D1851N	Missense	-0.253026438	FUNC
1851	D	H	p.D1851H	Missense	-0.044297379	FUNC
1851	D	Y	p.D1851Y	Missense	-0.636700804	FUNC
1851	D	A	p.D1851A	Missense	-0.243173681	FUNC
1851	D	G	p.D1851G	Missense	-0.328077814	FUNC
1851	D	V	p.D1851V	Missense	-0.675031571	FUNC
1851	D	E	p.D1851E	Missense	-0.23692835	FUNC
1851	D	E	p.D1851E	Missense	0.00796172	FUNC
1852	T	P	p.T1852P	Missense	-0.067411712	FUNC
1852	T	A	p.T1852A	Missense	0.309628122	FUNC
1852	T	S	p.T1852S	Missense	-0.235598185	FUNC
1852	T	N	p.T1852N	Missense	-0.074499967	FUNC
1852	T	S	p.T1852S	Missense	-0.131134371	FUNC
1852	T	I	p.T1852I	Missense	-0.152107501	FUNC
1853	Y	N	p.Y1853N	Missense	-2.16719537	LOF
1853	Y	H	p.Y1853H	Missense	-1.652882911	LOF
1853	Y	D	p.Y1853D	Missense	-3.351371554	LOF
1853	Y	S	p.Y1853S	Missense	-1.698236873	LOF
1853	Y	C	p.Y1853C	Missense	-2.763438152	LOF
1853	Y	F	p.Y1853F	Missense	-0.627988108	FUNC
1854	L	M	p.L1854M	Missense	-0.04053434	FUNC
1854	L	V	p.L1854V	Missense	0.15847644	FUNC
1854	L	Q	p.L1854Q	Missense	0.259387036	FUNC
1854	L	P	p.L1854P	Missense	-1.34387151	LOF
1854	L	R	p.L1854R	Missense	0.312451685	FUNC
1855	I	L	p.I1855L	Missense	0.233297291	FUNC
1855	I	V	p.I1855V	Missense	0.04627763	FUNC
1855	I	L	p.I1855L	Missense	-0.218033759	FUNC
1855	I	K	p.I1855K	Missense	-0.863843895	INT
1855	I	T	p.I1855T	Missense	-0.291518974	FUNC
1855	I	R	p.I1855R	Missense	-0.464328416	FUNC
1855	I	M	p.I1855M	Missense	0.021940862	FUNC
