mutations	HDR_Score	Class
G125V	0.4	Deleterious
D348V	0.5	Deleterious
A155E	0.5	Deleterious
D159Y	0.6	Deleterious
L27P	0.6	Deleterious
V140E	0.6	Deleterious
G114V	0.6	Deleterious
R312W	0.6	Deleterious
C135Y	0.6	Deleterious
A279P	0.6	Deleterious
G153D	0.6	Deleterious
T132R	0.6	Deleterious
G150E	0.6	Deleterious
R237P	0.6	Deleterious
T102I	0.6	Deleterious
K131I	0.6	Deleterious
G302V	0.6	Deleterious
D108G	0.6	Deleterious
V156D	0.7	Deleterious
G114R	0.7	Deleterious
T132I	0.9	Deleterious
D159A	0.9	Deleterious
R168G	0.9	Deleterious
D242N	1.0	Deleterious
G162E	1.0	Deleterious
G130R	1.0	Deleterious
L138F	1.0	Deleterious
T336P	1.1	Deleterious
S163R	1.1	Deleterious
Q133E	1.1	Deleterious
L326F	1.3	Intermediate
R258H	1.5	Intermediate
G306R	1.5	Intermediate
R260W	1.8	Intermediate
D159N	1.9	Intermediate
T86I	2.0	Intermediate
R312Q	2.3	Intermediate
I144T	2.4	Neutral
E94K	2.6	Neutral
R260P	2.7	Neutral
G125S	2.7	Neutral
R319P	2.9	Neutral
Q143R	3.0	Neutral
L111F	3.1	Neutral
K131R	3.1	Neutral
L219S	3.1	Neutral
D159E	3.2	Neutral
Q178P	3.4	Neutral
R212C	3.4	Neutral
V115A	3.4	Neutral
G112E	3.6	Neutral
R249C	3.6	Neutral
R258C	3.6	Neutral
C124S	3.7	Neutral
R212H	3.7	Neutral
R249H	3.7	Neutral
L262V	3.7	Neutral
H179Q	3.7	Neutral
P18L	3.8	Neutral
E154V	3.8	Neutral
K26M	3.8	Neutral
M10I	3.9	Neutral
V166A	3.9	Neutral
H250Y	4.0	Neutral
S16G	4.0	Neutral
P21S	4.0	Neutral
P127T	4.1	Neutral
R237Q	4.1	Neutral
R368W	4.1	Neutral
K26T	4.2	Neutral
R12G	4.2	Neutral
V129A	4.2	Neutral
K320R	4.2	Neutral
E36K	4.2	Neutral
A175T	4.3	Neutral
L323W	4.3	Neutral
H250R	4.3	Neutral
A184T	4.3	Neutral
V170A	4.3	Neutral
F315C	4.3	Neutral
R12W	4.3	Neutral
R292G	4.3	Neutral
L376I	4.4	Neutral
A155G	4.4	Neutral
D109Y	4.4	Neutral
L39V	4.4	Neutral
T5R	4.4	Neutral
R370Q	4.4	Neutral
L301F	4.4	Neutral
C335Y	4.5	Neutral
P18S	4.5	Neutral
T96S	4.5	Neutral
A354V	4.5	Neutral
R7G	4.5	Neutral
F157I	4.5	Neutral
V169A	4.5	Neutral
T102S	4.5	Neutral
A155T	4.5	Neutral
I311T	4.6	Neutral
I64F	4.6	Neutral
L297P	4.6	Neutral
E67G	4.6	Neutral
G264V	4.6	Neutral
K235E	4.6	Neutral
R7C	4.6	Neutral
L230F	4.6	Neutral
D215G	4.6	Neutral
F6L	4.6	Neutral
I208V	4.6	Neutral
R319Q	4.6	Neutral
G3R	4.6	Neutral
I208M	4.6	Neutral
Q11R	4.7	Neutral
I183T	4.7	Neutral
M10R	4.7	Neutral
R366W	4.7	Neutral
R366Q	4.7	Neutral
K84N	4.7	Neutral
E154G	4.7	Neutral
K235N	4.7	Neutral
P43L	4.7	Neutral
L201P	4.7	Neutral
D141N	4.7	Neutral
T5M	4.7	Neutral
R2G	4.7	Neutral
E190K	4.7	Neutral
I240T	4.7	Neutral
E92K	4.7	Neutral
K72E	4.8	Neutral
A30V	4.8	Neutral
V140I	4.8	Neutral
A126T	4.8	Neutral
I311V	4.8	Neutral
R65G	4.8	Neutral
T288A	4.8	Neutral
R193Q	4.8	Neutral
A55V	4.8	Neutral
P21L	4.8	Neutral
V241M	4.8	Neutral
R24L	4.8	Neutral
Q133K	4.8	Neutral
V156I	4.8	Neutral
S53C	4.8	Neutral
H207Q	4.9	Neutral
I240L	4.9	Neutral
C355R	4.9	Neutral
R2C	4.9	Neutral
G112A	4.9	Neutral
I158F	4.9	Neutral
G31E	4.9	Neutral
R214C	4.9	Neutral
Y224C	4.9	Neutral
G189R	4.9	Neutral
F8L	5.0	Neutral
P21T	5.0	Neutral
H233R	5.0	Neutral
F6Y	5.1	Neutral
L257V	5.1	Neutral
S364G	5.1	Neutral
T365S	5.1	Neutral
I177V	5.1	Neutral
I183V	5.2	Neutral
T287A	5.2	Neutral
M136L	5.2	Neutral
T349I	5.2	Neutral
K54T	5.2	Neutral
C147Y	5.2	Neutral
I52L	5.2	Neutral
E45G	5.2	Neutral
K188M	5.3	Neutral
M136I	5.3	Neutral
H207R	5.5	Neutral
I244V	5.5	Neutral
G264S	5.7	Neutral
